order_id,order_date,customer_id,category,product,region,city,channel,quantity,unit_price,discount,gross_sales,revenue,cost,payment_method,order_status,profit,profit_margin,month,year,quarter,is_completed,is_returned,is_cancelled
ORD000001,2024-02-13,CUST00593,Electronics,Wireless Headphones,East,Bhubaneswar,Website,4,17642.78,0.2,70571.12,56456.89,32561.68,Credit Card,Delivered,23895.21,0.42324701201217424,2024-02,2024,Q1,1,0,0
ORD000036,2024-12-22,CUST00660,Electronics,Power Bank,North,Chandigarh,Mobile App,3,14935.75,0.05,44807.25,42566.89,28505.51,UPI,Delivered,14061.380000000001,0.3303360898576335,2024-12,2024,Q4,1,0,0
ORD000041,2025-05-16,CUST00055,Electronics,Power Bank,South,Bengaluru,Mobile App,3,14983.79,0.05,44951.36,42703.79,32048.26,UPI,Delivered,10655.530000000002,0.24952188084476817,2025-05,2025,Q2,1,0,0
ORD000069,2024-12-20,CUST00943,Electronics,Power Bank,West,Pune,Marketplace,3,17769.22,0.2,53307.66,42646.13,28178.43,Debit Card,Delivered,14467.699999999997,0.3392500093208926,2024-12,2024,Q4,1,0,0
ORD000080,2024-11-03,CUST00352,Electronics,Power Bank,East,Bhubaneswar,Website,4,16650.98,0.05,66603.91,63273.72,48996.47,Net Banking,Delivered,14277.25,0.22564265227332927,2024-11,2024,Q4,1,0,0
ORD000104,2024-05-09,CUST01064,Electronics,Power Bank,North,Jaipur,Website,5,18002.7,0.0,90013.5,90013.5,51068.03,Net Banking,Delivered,38945.47,0.43266254506268503,2024-05,2024,Q2,1,0,0
ORD000115,2025-06-17,CUST00221,Electronics,Bluetooth Speaker,Central,Nagpur,Mobile App,5,15741.21,0.1,78706.06,70835.45,45844.9,Cash on Delivery,Delivered,24990.549999999996,0.352797222294769,2025-06,2025,Q2,1,0,0
ORD000140,2024-01-30,CUST00451,Electronics,Power Bank,North,Jaipur,Marketplace,4,16056.99,0.05,64227.98,61016.58,45233.93,Net Banking,Delivered,15782.650000000001,0.2586616621252781,2024-01,2024,Q1,1,0,0
ORD000157,2024-01-01,CUST01125,Electronics,Wireless Headphones,North,Jaipur,Website,5,14352.94,0.05,71764.68,68176.45,37137.87,UPI,Delivered,31038.579999999994,0.4552683514615383,2024-01,2024,Q1,1,0,0
ORD000168,2024-08-19,CUST00268,Electronics,Bluetooth Speaker,Central,Indore,Website,5,9466.89,0.05,47334.45,44967.73,31653.47,Cash on Delivery,Delivered,13314.260000000002,0.2960847701229304,2024-08,2024,Q3,1,0,0
ORD000172,2024-08-23,CUST00167,Electronics,Wireless Headphones,East,Bhubaneswar,Website,3,21987.34,0.15,65962.02,56067.71,38458.03,Debit Card,Delivered,17609.68,0.3140788164881355,2024-08,2024,Q3,1,0,0
ORD000177,2024-12-12,CUST00201,Electronics,Bluetooth Speaker,Central,Nagpur,Marketplace,3,18093.14,0.0,54279.42,54279.42,28280.69,Credit Card,Delivered,25998.73,0.478979510097934,2024-12,2024,Q4,1,0,0
ORD000192,2025-02-21,CUST01429,Home & Kitchen,Coffee Maker,West,Mumbai,Mobile App,5,8950.37,0.05,44751.85,42514.26,22467.47,UPI,Delivered,20046.79,0.47153096396362065,2025-02,2025,Q1,1,0,0
ORD000213,2025-04-21,CUST01297,Home & Kitchen,Coffee Maker,West,Pune,Website,5,8786.36,0.0,43931.82,43931.82,33029.99,Debit Card,Delivered,10901.830000000002,0.24815338859168598,2025-04,2025,Q2,1,0,0
ORD000218,2024-06-21,CUST01200,Electronics,Smartwatch,South,Hyderabad,Website,5,10447.39,0.15,52236.93,44401.39,36053.65,Credit Card,Delivered,8347.739999999998,0.18800627638008627,2024-06,2024,Q2,1,0,0
ORD000223,2024-04-24,CUST00524,Electronics,Wireless Headphones,Central,Bhopal,Website,4,20486.38,0.2,81945.52,65556.42,43192.92,UPI,Delivered,22363.5,0.34113363725474943,2024-04,2024,Q2,1,0,0
ORD000229,2024-05-04,CUST00676,Electronics,Smartwatch,West,Pune,Marketplace,4,18311.47,0.15,73245.88,62259.0,37970.93,Cash on Delivery,Delivered,24288.07,0.3901133972598339,2024-05,2024,Q2,1,0,0
ORD000235,2024-09-13,CUST01009,Electronics,Laptop Stand,North,Jaipur,Website,5,9869.89,0.1,49349.47,44414.52,23228.67,Net Banking,Delivered,21185.85,0.47700279097916626,2024-09,2024,Q3,1,0,0
ORD000237,2024-12-05,CUST01494,Electronics,Laptop Stand,West,Ahmedabad,Website,3,20583.59,0.0,61750.78,61750.78,33381.07,UPI,Delivered,28369.71,0.45942269879020153,2024-12,2024,Q4,1,0,0
ORD000245,2024-11-27,CUST00769,Electronics,Bluetooth Speaker,West,Ahmedabad,Website,5,10684.45,0.1,53422.23,48080.01,27616.85,Credit Card,Delivered,20463.160000000003,0.4256064006642262,2024-11,2024,Q4,1,0,0
ORD000253,2024-02-24,CUST00923,Electronics,Smartwatch,North,Jaipur,Website,5,10276.33,0.15,51381.63,43674.38,23951.25,Net Banking,Delivered,19723.129999999997,0.45159496253867826,2024-02,2024,Q1,1,0,0
ORD000254,2024-08-16,CUST00741,Electronics,Power Bank,West,Mumbai,Marketplace,4,13930.03,0.05,55720.11,52934.11,41962.59,Debit Card,Delivered,10971.520000000004,0.20726748782590287,2024-08,2024,Q3,1,0,0
ORD000270,2024-10-29,CUST01357,Electronics,Bluetooth Speaker,North,Delhi,Website,5,15243.23,0.1,76216.17,68594.55,49334.84,Cash on Delivery,Delivered,19259.710000000006,0.28077609664324654,2024-10,2024,Q4,1,0,0
ORD000272,2024-02-21,CUST00361,Electronics,Bluetooth Speaker,Central,Indore,Website,3,20369.08,0.25,61107.24,45830.43,23840.56,Net Banking,Delivered,21989.87,0.47980937556117187,2024-02,2024,Q1,1,0,0
ORD000308,2024-02-14,CUST00003,Electronics,Bluetooth Speaker,North,Jaipur,Website,5,9771.49,0.1,48857.44,43971.69,23390.1,Net Banking,Delivered,20581.590000000004,0.4680645660878625,2024-02,2024,Q1,1,0,0
ORD000321,2025-03-13,CUST01151,Electronics,Smartwatch,West,Ahmedabad,Website,4,19218.44,0.05,76873.76,73030.07,41183.91,Credit Card,Delivered,31846.160000000003,0.4360691424778862,2025-03,2025,Q1,1,0,0
ORD000340,2024-09-09,CUST00117,Electronics,Bluetooth Speaker,East,Kolkata,Marketplace,4,17493.7,0.25,69974.78,52481.09,43138.28,Net Banking,Delivered,9342.809999999998,0.17802240769008415,2024-09,2024,Q3,1,0,0
ORD000356,2025-06-15,CUST00136,Electronics,Bluetooth Speaker,West,Pune,Mobile App,5,17700.99,0.05,88504.93,84079.68,64263.33,Net Banking,Delivered,19816.34999999999,0.23568536416884547,2025-06,2025,Q2,1,0,0
ORD000383,2024-08-22,CUST00080,Electronics,Laptop Stand,East,Bhubaneswar,Mobile App,4,13380.93,0.1,53523.71,48171.33,36041.22,UPI,Delivered,12130.11,0.2518118142056696,2024-08,2024,Q3,1,0,0
ORD000385,2024-03-09,CUST00496,Electronics,Laptop Stand,West,Mumbai,Website,5,19787.97,0.0,98939.85,98939.85,61276.48,Debit Card,Delivered,37663.37,0.38066936628668835,2024-03,2024,Q1,1,0,0
ORD000392,2025-04-27,CUST00465,Electronics,Wireless Headphones,North,Jaipur,Mobile App,3,17754.37,0.05,53263.11,50599.95,30407.29,Cash on Delivery,Delivered,20192.659999999996,0.39906482121029757,2025-04,2025,Q2,1,0,0
ORD000397,2025-04-07,CUST00415,Electronics,Laptop Stand,North,Chandigarh,Mobile App,5,14098.1,0.25,70490.48,52867.86,29160.45,Cash on Delivery,Delivered,23707.41,0.4484276458324585,2025-04,2025,Q2,1,0,0
ORD000400,2024-09-11,CUST01025,Electronics,Smartwatch,South,Bengaluru,Website,4,15326.56,0.0,61306.24,61306.24,43462.7,UPI,Delivered,17843.54,0.29105585336827056,2024-09,2024,Q3,1,0,0
ORD000430,2024-02-16,CUST01459,Electronics,Smartwatch,West,Ahmedabad,Mobile App,4,18867.62,0.15,75470.5,64149.92,39547.6,Cash on Delivery,Delivered,24602.32,0.38351287109944954,2024-02,2024,Q1,1,0,0
ORD000436,2024-04-23,CUST00456,Electronics,Laptop Stand,West,Pune,Website,4,20329.03,0.0,81316.12,81316.12,63462.74,Net Banking,Delivered,17853.379999999997,0.21955523701819515,2024-04,2024,Q2,1,0,0
ORD000511,2024-03-04,CUST00296,Electronics,Laptop Stand,North,Chandigarh,Mobile App,4,20579.76,0.15,82319.04,69971.18,56162.01,Cash on Delivery,Delivered,13809.169999999991,0.19735511106143977,2024-03,2024,Q1,1,0,0
ORD000529,2025-03-16,CUST00409,Electronics,Smartwatch,South,Chennai,Mobile App,5,17042.74,0.15,85213.7,72431.64,50463.01,UPI,Delivered,21968.629999999997,0.30330156820969395,2025-03,2025,Q1,1,0,0
ORD000532,2024-10-23,CUST00425,Electronics,Smartwatch,East,Bhubaneswar,Marketplace,4,18744.8,0.0,74979.19,74979.19,62946.64,Debit Card,Delivered,12032.550000000003,0.16047852744208096,2024-10,2024,Q4,1,0,0
ORD000538,2024-12-21,CUST01307,Electronics,Wireless Headphones,East,Kolkata,Marketplace,4,19508.3,0.0,78033.2,78033.2,61346.62,Net Banking,Delivered,16686.579999999994,0.2138394939589815,2024-12,2024,Q4,1,0,0
ORD000539,2024-12-18,CUST00171,Electronics,Power Bank,South,Chennai,Website,4,14808.19,0.2,59232.75,47386.2,39487.91,Cash on Delivery,Delivered,7898.289999999994,0.16667911754899092,2024-12,2024,Q4,1,0,0
ORD000560,2025-05-27,CUST00721,Electronics,Bluetooth Speaker,West,Ahmedabad,Mobile App,3,18182.72,0.15,54548.17,46365.94,34054.9,UPI,Delivered,12311.04,0.2655190426420774,2025-05,2025,Q2,1,0,0
ORD000561,2024-07-05,CUST01451,Electronics,Laptop Stand,South,Chennai,Mobile App,3,14316.43,0.0,42949.29,42949.29,26839.24,Credit Card,Delivered,16110.05,0.3750946756046491,2024-07,2024,Q3,1,0,0
ORD000566,2024-11-15,CUST00849,Electronics,Wireless Headphones,South,Chennai,Marketplace,4,20833.92,0.1,83335.69,75002.12,43466.26,UPI,Delivered,31535.859999999993,0.4204662481540521,2024-11,2024,Q4,1,0,0
ORD000623,2025-03-23,CUST01005,Electronics,Smartwatch,North,Delhi,Website,5,19839.68,0.05,99198.39,94238.47,65404.85,Debit Card,Delivered,28833.620000000003,0.3059644325719635,2025-03,2025,Q1,1,0,0
ORD000641,2025-02-01,CUST01038,Electronics,Wireless Headphones,South,Bengaluru,Website,5,9466.04,0.05,47330.21,44963.7,26433.37,Debit Card,Delivered,18530.329999999998,0.4121175526035446,2025-02,2025,Q1,1,0,0
ORD000647,2024-01-20,CUST00543,Electronics,Wireless Headphones,South,Hyderabad,Mobile App,4,12978.8,0.15,51915.19,44127.91,35133.43,Net Banking,Delivered,8994.480000000003,0.20382746429640566,2024-01,2024,Q1,1,0,0
ORD000664,2025-05-24,CUST00419,Electronics,Smartwatch,West,Ahmedabad,Mobile App,4,16608.38,0.15,66433.51,56468.48,30246.15,Net Banking,Delivered,26222.33,0.464371096937619,2025-05,2025,Q2,1,0,0
ORD000670,2025-02-03,CUST01159,Electronics,Wireless Headphones,West,Ahmedabad,Mobile App,3,20344.36,0.05,61033.09,57981.44,32757.65,Net Banking,Delivered,25223.79,0.4350321413197051,2025-02,2025,Q1,1,0,0
ORD000683,2024-07-23,CUST00734,Electronics,Wireless Headphones,West,Mumbai,Marketplace,4,18278.54,0.1,73114.16,65802.74,34513.58,Credit Card,Delivered,31289.160000000003,0.4754993485073722,2024-07,2024,Q3,1,0,0
ORD000696,2025-05-29,CUST00937,Electronics,Bluetooth Speaker,South,Chennai,Website,4,12609.66,0.15,50438.63,42872.84,23406.52,Credit Card,Delivered,19466.319999999996,0.45404783074785804,2025-05,2025,Q2,1,0,0
ORD000714,2024-11-07,CUST00669,Electronics,Smartwatch,South,Hyderabad,Website,5,16696.66,0.05,83483.32,79309.16,48966.39,Credit Card,Delivered,30342.770000000004,0.3825884677129351,2024-11,2024,Q4,1,0,0
ORD000720,2024-07-21,CUST01475,Electronics,Power Bank,North,Chandigarh,Website,4,18049.34,0.0,72197.35,72197.35,58493.66,Credit Card,Delivered,13703.690000000002,0.18980876721929546,2024-07,2024,Q3,1,0,0
ORD000725,2024-12-25,CUST01299,Electronics,Bluetooth Speaker,South,Chennai,Marketplace,3,18089.43,0.1,54268.29,48841.46,38215.0,Net Banking,Delivered,10626.46,0.21757048212727464,2024-12,2024,Q4,1,0,0
ORD000757,2025-02-22,CUST01272,Electronics,Laptop Stand,South,Hyderabad,Website,5,17029.2,0.0,85146.0,85146.0,61949.45,Credit Card,Delivered,23196.550000000003,0.27243264510370424,2025-02,2025,Q1,1,0,0
ORD000779,2024-04-17,CUST00585,Electronics,Bluetooth Speaker,South,Chennai,Mobile App,3,20220.53,0.05,60661.6,57628.52,36486.93,Credit Card,Delivered,21141.589999999997,0.36685984647879205,2024-04,2024,Q2,1,0,0
ORD000794,2025-05-27,CUST00587,Electronics,Laptop Stand,South,Chennai,Mobile App,4,12525.0,0.1,50100.02,45090.02,34754.95,UPI,Delivered,10335.07,0.22920970094934534,2025-05,2025,Q2,1,0,0
ORD000814,2025-06-25,CUST00708,Electronics,Bluetooth Speaker,Central,Indore,Website,5,12167.0,0.05,60834.99,57793.25,44992.82,Net Banking,Delivered,12800.43,0.22148659229235249,2025-06,2025,Q2,1,0,0
ORD000857,2024-02-09,CUST00998,Electronics,Smartwatch,North,Chandigarh,Marketplace,5,19436.33,0.25,97181.63,72886.22,46482.97,UPI,Delivered,26403.25,0.3622529745677578,2024-02,2024,Q1,1,0,0
ORD000880,2024-11-24,CUST01240,Electronics,Bluetooth Speaker,East,Bhubaneswar,Marketplace,5,18083.99,0.15,90419.93,76856.94,46280.82,UPI,Delivered,30576.120000000003,0.3978316076596336,2024-11,2024,Q4,1,0,0
ORD000946,2024-05-24,CUST01215,Electronics,Power Bank,South,Chennai,Website,4,16359.22,0.2,65436.88,52349.5,42528.81,UPI,Delivered,9820.690000000002,0.1875985443987049,2024-05,2024,Q2,1,0,0
ORD000950,2024-02-22,CUST00572,Electronics,Power Bank,East,Kolkata,Website,4,14507.86,0.0,58031.44,58031.44,34752.03,Debit Card,Delivered,23279.410000000003,0.40115168605156104,2024-02,2024,Q1,1,0,0
ORD000956,2025-04-18,CUST01324,Electronics,Power Bank,North,Chandigarh,Marketplace,5,11263.03,0.15,56315.13,47867.86,38309.94,UPI,Delivered,9557.919999999998,0.19967301650836278,2025-04,2025,Q2,1,0,0
ORD000966,2024-06-09,CUST00391,Electronics,Laptop Stand,Central,Indore,Marketplace,4,21799.93,0.25,87199.73,65399.8,36193.85,Debit Card,Delivered,29205.950000000004,0.4465755246957942,2024-06,2024,Q2,1,0,0
ORD001043,2025-01-16,CUST01099,Electronics,Power Bank,North,Jaipur,Mobile App,5,19310.77,0.25,96553.87,72415.4,57451.66,Debit Card,Delivered,14963.73999999999,0.20663753842414723,2025-01,2025,Q1,1,0,0
ORD001065,2024-04-08,CUST00588,Electronics,Laptop Stand,South,Hyderabad,Mobile App,3,17637.92,0.05,52913.76,50268.07,41581.9,Cash on Delivery,Delivered,8686.169999999998,0.1727969663446398,2024-04,2024,Q2,1,0,0
ORD001067,2024-12-15,CUST00811,Electronics,Bluetooth Speaker,North,Chandigarh,Mobile App,5,13095.01,0.05,65475.04,62201.29,39403.54,Net Banking,Delivered,22797.75,0.3665157105262608,2024-12,2024,Q4,1,0,0
ORD001089,2024-05-24,CUST00505,Electronics,Wireless Headphones,South,Bengaluru,Mobile App,4,16483.04,0.1,65932.18,59338.96,45935.64,Net Banking,Delivered,13403.32,0.22587723141760488,2024-05,2024,Q2,1,0,0
ORD001093,2024-06-07,CUST00614,Electronics,Laptop Stand,East,Kolkata,Mobile App,3,20263.39,0.2,60790.16,48632.13,34548.34,Debit Card,Delivered,14083.79,0.2895984609351884,2024-06,2024,Q2,1,0,0
ORD001104,2025-05-27,CUST01032,Electronics,Wireless Headphones,East,Bhubaneswar,Mobile App,5,21640.34,0.05,108201.72,102791.64,61468.47,UPI,Delivered,41323.17,0.4020090544328313,2025-05,2025,Q2,1,0,0
ORD001111,2024-08-10,CUST00839,Electronics,Smartwatch,Central,Bhopal,Website,5,16077.72,0.05,80388.62,76369.19,43350.82,Cash on Delivery,Delivered,33018.37,0.4323519733546997,2024-08,2024,Q3,1,0,0
ORD001125,2024-08-15,CUST01553,Electronics,Wireless Headphones,East,Patna,Marketplace,3,20559.04,0.25,61677.11,46257.83,24631.4,UPI,Delivered,21626.43,0.4675193367263445,2024-08,2024,Q3,1,0,0
ORD001145,2025-05-25,CUST00253,Electronics,Smartwatch,West,Mumbai,Marketplace,3,20115.09,0.1,60345.27,54310.74,36443.31,Debit Card,Delivered,17867.43,0.32898520624097555,2025-05,2025,Q2,1,0,0
ORD001148,2025-03-14,CUST00852,Electronics,Wireless Headphones,East,Patna,Website,5,13978.9,0.0,69894.49,69894.49,51851.6,Net Banking,Delivered,18042.890000000007,0.2581446692006767,2025-03,2025,Q1,1,0,0
ORD001181,2024-04-18,CUST00007,Electronics,Wireless Headphones,West,Mumbai,Mobile App,3,15529.37,0.0,46588.12,46588.12,36580.32,Debit Card,Delivered,10007.800000000003,0.2148144205003336,2024-04,2024,Q2,1,0,0
ORD001186,2024-07-15,CUST00283,Electronics,Wireless Headphones,East,Patna,Mobile App,4,19977.96,0.05,79911.85,75916.26,46682.07,Credit Card,Delivered,29234.189999999995,0.3850846972703871,2024-07,2024,Q3,1,0,0
ORD001198,2025-03-07,CUST01580,Electronics,Bluetooth Speaker,Central,Indore,Mobile App,2,21602.48,0.0,43204.96,43204.96,24839.15,Net Banking,Delivered,18365.809999999998,0.42508568460658214,2025-03,2025,Q1,1,0,0
ORD001212,2024-03-06,CUST00864,Electronics,Wireless Headphones,West,Ahmedabad,Website,4,20104.25,0.05,80416.99,76396.14,51501.55,UPI,Delivered,24894.589999999997,0.3258618825506105,2024-03,2024,Q1,1,0,0
ORD001227,2025-02-24,CUST00203,Electronics,Bluetooth Speaker,South,Bengaluru,Website,5,11759.16,0.0,58795.79,58795.79,43049.86,UPI,Delivered,15745.93,0.2678070997940499,2025-02,2025,Q1,1,0,0
ORD001280,2024-02-13,CUST01499,Electronics,Bluetooth Speaker,South,Hyderabad,Website,5,9946.37,0.15,49731.84,42272.07,32601.0,Net Banking,Delivered,9671.07,0.2287815571842117,2024-02,2024,Q1,1,0,0
ORD001316,2025-05-23,CUST00793,Electronics,Power Bank,South,Chennai,Website,3,15814.46,0.0,47443.39,47443.39,34706.29,Credit Card,Delivered,12737.099999999999,0.2684694327281419,2025-05,2025,Q2,1,0,0
ORD001317,2024-08-27,CUST01197,Electronics,Wireless Headphones,South,Chennai,Mobile App,5,20121.09,0.1,100605.45,90544.9,66536.81,UPI,Delivered,24008.089999999997,0.26515121227148075,2024-08,2024,Q3,1,0,0
ORD001326,2024-05-14,CUST01183,Electronics,Bluetooth Speaker,Central,Nagpur,Marketplace,5,19523.05,0.0,97615.26,97615.26,77974.53,Cash on Delivery,Delivered,19640.729999999996,0.20120552872573405,2024-05,2024,Q2,1,0,0
ORD001328,2024-06-06,CUST01057,Electronics,Smartwatch,South,Hyderabad,Mobile App,3,19723.92,0.05,59171.77,56213.18,31787.53,Credit Card,Delivered,24425.65,0.4345182037379846,2024-06,2024,Q2,1,0,0
ORD001336,2024-12-04,CUST00001,Electronics,Wireless Headphones,West,Mumbai,Mobile App,2,21147.68,0.0,42295.37,42295.37,27808.74,Cash on Delivery,Delivered,14486.630000000001,0.3425110124346944,2024-12,2024,Q4,1,0,0
ORD001340,2024-09-10,CUST01144,Electronics,Power Bank,North,Jaipur,Website,3,15716.02,0.1,47148.07,42433.26,29040.24,Credit Card,Delivered,13393.02,0.315625525825732,2024-09,2024,Q3,1,0,0
ORD001383,2024-12-27,CUST01156,Electronics,Power Bank,North,Delhi,Website,5,17373.04,0.1,86865.18,78178.66,47579.93,Debit Card,Delivered,30598.730000000003,0.39139491518529484,2024-12,2024,Q4,1,0,0
ORD001399,2024-01-27,CUST01023,Electronics,Smartwatch,North,Chandigarh,Mobile App,4,16176.3,0.1,64705.22,58234.7,37314.31,Cash on Delivery,Delivered,20920.39,0.35924268520315206,2024-01,2024,Q1,1,0,0
ORD001411,2025-03-06,CUST01292,Electronics,Bluetooth Speaker,Central,Bhopal,Website,5,16194.57,0.0,80972.87,80972.87,43056.3,Net Banking,Delivered,37916.56999999999,0.4682626415489533,2025-03,2025,Q1,1,0,0
ORD001427,2024-06-30,CUST01123,Electronics,Smartwatch,North,Chandigarh,Mobile App,5,18401.71,0.1,92008.55,82807.69,64059.63,Credit Card,Delivered,18748.060000000005,0.22640481819985564,2024-06,2024,Q2,1,0,0
ORD001447,2025-04-26,CUST01591,Electronics,Laptop Stand,Central,Bhopal,Website,3,14517.93,0.0,43553.78,43553.78,32289.62,Net Banking,Delivered,11264.16,0.2586264613542154,2025-04,2025,Q2,1,0,0
ORD001506,2024-08-23,CUST00143,Electronics,Power Bank,West,Pune,Mobile App,5,9580.18,0.1,47900.89,43110.8,33149.8,Net Banking,Delivered,9961.0,0.23105579112426583,2024-08,2024,Q3,1,0,0
ORD001510,2024-10-18,CUST00012,Electronics,Wireless Headphones,West,Pune,Website,2,21493.05,0.0,42986.1,42986.1,28333.3,Net Banking,Delivered,14652.8,0.3408729798702371,2024-10,2024,Q4,1,0,0
ORD001513,2024-11-11,CUST00992,Electronics,Bluetooth Speaker,West,Mumbai,Website,5,18245.58,0.1,91227.9,82105.11,60908.44,Cash on Delivery,Delivered,21196.67,0.2581650520899369,2024-11,2024,Q4,1,0,0
ORD001530,2024-12-08,CUST00221,Electronics,Smartwatch,West,Pune,Website,5,11099.7,0.2,55498.49,44398.79,23586.84,Cash on Delivery,Delivered,20811.95,0.46875038711640565,2024-12,2024,Q4,1,0,0
ORD001541,2024-09-27,CUST01571,Electronics,Wireless Headphones,South,Bengaluru,Website,3,14998.38,0.05,44995.15,42745.39,35814.84,Net Banking,Delivered,6930.550000000003,0.16213561275262672,2024-09,2024,Q3,1,0,0
ORD001546,2024-04-19,CUST00229,Electronics,Smartwatch,North,Chandigarh,Mobile App,5,17214.44,0.0,86072.18,86072.18,69510.24,Cash on Delivery,Delivered,16561.939999999988,0.19241919979254607,2024-04,2024,Q2,1,0,0
ORD001565,2024-06-25,CUST00065,Electronics,Laptop Stand,North,Delhi,Website,3,18409.6,0.1,55228.79,49705.91,33423.81,Cash on Delivery,Delivered,16282.100000000006,0.3275686935416735,2024-06,2024,Q2,1,0,0
ORD001596,2024-05-06,CUST00271,Electronics,Laptop Stand,South,Chennai,Marketplace,5,20101.24,0.1,100506.22,90455.59,73043.42,Debit Card,Delivered,17412.17,0.19249412888689355,2024-05,2024,Q2,1,0,0
ORD001602,2024-12-12,CUST00738,Electronics,Wireless Headphones,South,Hyderabad,Mobile App,3,21736.79,0.05,65210.38,61949.86,33214.34,Cash on Delivery,Delivered,28735.520000000004,0.46385125002703803,2024-12,2024,Q4,1,0,0
ORD001620,2024-06-09,CUST00482,Electronics,Laptop Stand,West,Mumbai,Mobile App,5,12447.35,0.1,62236.75,56013.07,29804.08,UPI,Delivered,26208.989999999998,0.4679084720762493,2024-06,2024,Q2,1,0,0
ORD001648,2025-05-04,CUST00838,Electronics,Bluetooth Speaker,West,Pune,Marketplace,4,17057.29,0.0,68229.17,68229.17,46332.33,Credit Card,Delivered,21896.839999999997,0.3209307690537639,2025-05,2025,Q2,1,0,0
ORD001693,2025-06-29,CUST00248,Electronics,Bluetooth Speaker,East,Kolkata,Website,3,17982.18,0.15,53946.55,45854.57,24496.73,Credit Card,Delivered,21357.84,0.4657734223655352,2025-06,2025,Q2,1,0,0
ORD001718,2024-03-13,CUST01496,Electronics,Smartwatch,South,Hyderabad,Website,3,20449.41,0.0,61348.23,61348.23,38495.78,Credit Card,Delivered,22852.450000000004,0.37250381958860107,2024-03,2024,Q1,1,0,0
ORD001727,2025-01-15,CUST00541,Electronics,Smartwatch,North,Jaipur,Marketplace,5,18481.57,0.1,92407.83,83167.05,61548.4,Cash on Delivery,Delivered,21618.65,0.25994248924303553,2025-01,2025,Q1,1,0,0
ORD001730,2025-05-23,CUST00793,Electronics,Wireless Headphones,West,Ahmedabad,Marketplace,5,19357.84,0.1,96789.22,87110.3,59870.7,Cash on Delivery,Delivered,27239.600000000006,0.31270240143817674,2025-05,2025,Q2,1,0,0
ORD001743,2024-11-22,CUST00930,Electronics,Laptop Stand,South,Bengaluru,Marketplace,4,21737.5,0.0,86949.99,86949.99,64243.93,Cash on Delivery,Delivered,22706.060000000005,0.2611393054789311,2024-11,2024,Q4,1,0,0
ORD001792,2024-08-28,CUST01324,Electronics,Smartwatch,East,Bhubaneswar,Website,4,18197.96,0.25,72791.86,54593.89,31114.87,Debit Card,Delivered,23479.02,0.4300668078424161,2024-08,2024,Q3,1,0,0
ORD001805,2024-11-13,CUST00730,Electronics,Power Bank,South,Hyderabad,Marketplace,4,20613.67,0.1,82454.7,74209.23,44178.65,Credit Card,Delivered,30030.579999999994,0.4046744589588114,2024-11,2024,Q4,1,0,0
ORD001812,2024-05-26,CUST01091,Electronics,Smartwatch,North,Delhi,Marketplace,4,13018.05,0.05,52072.2,49468.59,27587.45,Net Banking,Delivered,21881.139999999996,0.4423239069478228,2024-05,2024,Q2,1,0,0
ORD001865,2025-01-23,CUST00360,Electronics,Wireless Headphones,Central,Bhopal,Website,5,10487.61,0.1,52438.07,47194.27,32012.61,Debit Card,Delivered,15181.659999999996,0.32168439092288104,2025-01,2025,Q1,1,0,0
ORD001894,2024-04-13,CUST00648,Electronics,Laptop Stand,West,Ahmedabad,Website,5,14821.31,0.0,74106.56,74106.56,45093.41,Debit Card,Delivered,29013.149999999994,0.3915058262048595,2024-04,2024,Q2,1,0,0
ORD001909,2024-11-03,CUST01310,Electronics,Bluetooth Speaker,South,Hyderabad,Website,3,20803.7,0.1,62411.11,56170.0,29607.42,Debit Card,Delivered,26562.58,0.4728962079401816,2024-11,2024,Q4,1,0,0
ORD001917,2024-08-04,CUST00920,Electronics,Power Bank,North,Jaipur,Mobile App,4,13684.77,0.0,54739.07,54739.07,29668.84,Credit Card,Delivered,25070.23,0.4579951760232682,2024-08,2024,Q3,1,0,0
ORD001943,2024-06-13,CUST00148,Electronics,Power Bank,South,Bengaluru,Mobile App,5,15980.35,0.1,79901.75,71911.58,48576.65,Cash on Delivery,Delivered,23334.93,0.3244947475775112,2024-06,2024,Q2,1,0,0
ORD001974,2024-06-09,CUST01153,Electronics,Smartwatch,North,Chandigarh,Mobile App,3,17893.72,0.15,53681.16,45628.99,37479.97,Debit Card,Delivered,8149.019999999997,0.17859303920599595,2024-06,2024,Q2,1,0,0
ORD001987,2024-07-03,CUST01451,Electronics,Bluetooth Speaker,South,Bengaluru,Website,5,19347.97,0.25,96739.84,72554.88,53776.32,Cash on Delivery,Delivered,18778.560000000005,0.2588187038556194,2024-07,2024,Q3,1,0,0
ORD001992,2024-05-21,CUST00974,Electronics,Wireless Headphones,South,Chennai,Marketplace,5,16865.78,0.15,84328.88,71679.55,46291.87,Debit Card,Delivered,25387.68,0.35418302709768684,2024-05,2024,Q2,1,0,0
ORD002010,2024-08-14,CUST01314,Electronics,Wireless Headphones,West,Ahmedabad,Website,4,14530.33,0.0,58121.3,58121.3,30511.25,Cash on Delivery,Delivered,27610.050000000003,0.47504185212650096,2024-08,2024,Q3,1,0,0
ORD002022,2024-07-12,CUST01067,Electronics,Laptop Stand,East,Bhubaneswar,Mobile App,3,15986.68,0.1,47960.05,43164.04,25299.6,Cash on Delivery,Delivered,17864.440000000002,0.4138732148334586,2024-07,2024,Q3,1,0,0
ORD002031,2024-08-13,CUST01111,Electronics,Power Bank,West,Pune,Mobile App,5,18305.17,0.0,91525.84,91525.84,74120.69,Cash on Delivery,Delivered,17405.149999999994,0.19016651472414778,2024-08,2024,Q3,1,0,0
ORD002055,2024-01-28,CUST00589,Electronics,Smartwatch,North,Chandigarh,Mobile App,5,18614.27,0.2,93071.36,74457.09,42453.71,UPI,Delivered,32003.379999999997,0.4298231370578678,2024-01,2024,Q1,1,0,0
ORD002058,2024-11-04,CUST00598,Electronics,Power Bank,South,Bengaluru,Marketplace,5,15418.81,0.15,77094.04,65529.93,44665.21,Cash on Delivery,Delivered,20864.72,0.3183998517929136,2024-11,2024,Q4,1,0,0
ORD002062,2024-07-29,CUST00324,Electronics,Power Bank,North,Chandigarh,Mobile App,4,19444.04,0.0,77776.17,77776.17,64082.36,Debit Card,Delivered,13693.809999999998,0.17606691098314559,2024-07,2024,Q3,1,0,0
ORD002075,2025-03-07,CUST00298,Electronics,Wireless Headphones,North,Chandigarh,Mobile App,5,14539.74,0.15,72698.72,61793.92,45851.83,UPI,Delivered,15942.089999999997,0.2579880027031785,2025-03,2025,Q1,1,0,0
ORD002115,2024-07-28,CUST00404,Electronics,Smartwatch,East,Patna,Website,4,18464.23,0.0,73856.91,73856.91,60501.75,Cash on Delivery,Delivered,13355.160000000003,0.1808247867396565,2024-07,2024,Q3,1,0,0
ORD002122,2024-01-14,CUST01519,Electronics,Laptop Stand,Central,Nagpur,Mobile App,5,13007.13,0.1,65035.66,58532.09,38991.62,Cash on Delivery,Delivered,19540.469999999994,0.33384200017460497,2024-01,2024,Q1,1,0,0
ORD002123,2024-09-29,CUST01403,Electronics,Power Bank,North,Jaipur,Website,4,14911.05,0.15,59644.19,50697.56,27653.25,UPI,Delivered,23044.309999999998,0.4545447552110989,2024-09,2024,Q3,1,0,0
ORD002153,2025-05-15,CUST00046,Electronics,Smartwatch,North,Chandigarh,Website,5,11494.8,0.05,57474.01,54600.31,34924.68,Credit Card,Delivered,19675.629999999997,0.3603574778238438,2025-05,2025,Q2,1,0,0
ORD002158,2024-02-17,CUST00100,Electronics,Laptop Stand,North,Chandigarh,Mobile App,3,15556.09,0.1,46668.26,42001.43,27605.56,Debit Card,Delivered,14395.869999999999,0.34274713979976396,2024-02,2024,Q1,1,0,0
ORD002176,2024-12-01,CUST01327,Electronics,Power Bank,West,Ahmedabad,Website,4,14381.37,0.1,57525.46,51772.92,38752.05,Net Banking,Delivered,13020.869999999995,0.2514996256730352,2024-12,2024,Q4,1,0,0
ORD002180,2024-07-07,CUST01075,Electronics,Smartwatch,South,Hyderabad,Marketplace,5,15858.32,0.15,79291.59,67397.85,54945.23,Credit Card,Delivered,12452.620000000003,0.1847628670647506,2024-07,2024,Q3,1,0,0
ORD002192,2024-03-27,CUST00781,Electronics,Bluetooth Speaker,North,Delhi,Mobile App,3,21157.82,0.0,63473.45,63473.45,45163.18,Net Banking,Delivered,18310.269999999997,0.2884713214737815,2024-03,2024,Q1,1,0,0
ORD002208,2024-12-23,CUST00728,Electronics,Wireless Headphones,East,Patna,Website,5,11950.91,0.05,59754.57,56766.84,31600.49,Net Banking,Delivered,25166.349999999995,0.4433283585980829,2024-12,2024,Q4,1,0,0
ORD002236,2024-07-03,CUST01152,Electronics,Laptop Stand,South,Bengaluru,Marketplace,4,17869.96,0.1,71479.84,64331.86,50380.69,Cash on Delivery,Delivered,13951.169999999998,0.21686253125589713,2024-07,2024,Q3,1,0,0
ORD002237,2024-10-22,CUST00972,Electronics,Wireless Headphones,South,Bengaluru,Mobile App,5,16669.49,0.15,83347.47,70845.35,48577.87,Credit Card,Delivered,22267.480000000003,0.31431110157547393,2024-10,2024,Q4,1,0,0
ORD002258,2025-01-17,CUST01510,Electronics,Power Bank,North,Jaipur,Website,5,15719.55,0.05,78597.75,74667.86,57072.37,Debit Card,Delivered,17595.489999999998,0.23565011773472547,2025-01,2025,Q1,1,0,0
ORD002364,2024-03-17,CUST00826,Electronics,Bluetooth Speaker,East,Patna,Mobile App,5,14006.81,0.05,70034.04,66532.34,45832.11,Credit Card,Delivered,20700.229999999996,0.3111303465352338,2024-03,2024,Q1,1,0,0
ORD002394,2025-06-10,CUST01267,Electronics,Wireless Headphones,Central,Nagpur,Website,4,17637.08,0.1,70548.34,63493.5,46984.27,Cash on Delivery,Delivered,16509.230000000003,0.2600144896721712,2025-06,2025,Q2,1,0,0
ORD002405,2024-12-28,CUST00635,Electronics,Power Bank,North,Jaipur,Website,4,16102.7,0.05,64410.82,61190.28,50233.57,Debit Card,Delivered,10956.71,0.17905964803560304,2024-12,2024,Q4,1,0,0
ORD002415,2024-03-26,CUST00392,Electronics,Bluetooth Speaker,East,Patna,Mobile App,5,20508.37,0.0,102541.85,102541.85,55043.28,Net Banking,Delivered,47498.57000000001,0.46321155703744377,2024-03,2024,Q1,1,0,0
ORD002424,2025-01-29,CUST01585,Electronics,Power Bank,West,Pune,Mobile App,5,11794.28,0.15,58971.38,50125.67,35081.93,UPI,Delivered,15043.739999999998,0.300120477192624,2025-01,2025,Q1,1,0,0
ORD002435,2024-10-25,CUST00325,Electronics,Power Bank,West,Pune,Website,4,14523.2,0.05,58092.79,55188.15,29963.91,Debit Card,Delivered,25224.24,0.45705898820670743,2024-10,2024,Q4,1,0,0
ORD002448,2024-12-18,CUST00055,Electronics,Smartwatch,South,Chennai,Website,3,21395.39,0.0,64186.18,64186.18,53896.58,UPI,Delivered,10289.599999999999,0.16030865211171624,2024-12,2024,Q4,1,0,0
ORD002455,2024-06-27,CUST01566,Electronics,Power Bank,South,Chennai,Marketplace,5,15578.01,0.0,77890.05,77890.05,55214.19,UPI,Delivered,22675.86,0.2911265302821092,2024-06,2024,Q2,1,0,0
ORD002469,2024-03-08,CUST00316,Electronics,Bluetooth Speaker,South,Chennai,Mobile App,4,16190.09,0.15,64760.37,55046.32,34316.56,Credit Card,Delivered,20729.760000000002,0.3765875720665796,2024-03,2024,Q1,1,0,0
ORD002485,2024-04-15,CUST00073,Electronics,Smartwatch,Central,Bhopal,Marketplace,3,18151.73,0.1,54455.18,49009.66,35604.5,Cash on Delivery,Delivered,13405.160000000003,0.2735207712112266,2024-04,2024,Q2,1,0,0
ORD002498,2024-10-06,CUST01377,Electronics,Power Bank,South,Chennai,Mobile App,4,21773.89,0.15,87095.55,74031.22,61706.02,Cash on Delivery,Delivered,12325.200000000004,0.16648651744493748,2024-10,2024,Q4,1,0,0
ORD002502,2025-04-29,CUST00222,Electronics,Bluetooth Speaker,West,Mumbai,Website,3,16468.15,0.1,49404.45,44464.01,36582.94,Cash on Delivery,Delivered,7881.07,0.17724604685902148,2025-04,2025,Q2,1,0,0
ORD002504,2024-04-16,CUST01447,Electronics,Smartwatch,Central,Indore,Website,4,21964.63,0.0,87858.53,87858.53,65420.85,Debit Card,Delivered,22437.68,0.25538419547879987,2024-04,2024,Q2,1,0,0
ORD002508,2024-11-13,CUST01217,Electronics,Laptop Stand,South,Hyderabad,Mobile App,5,17421.97,0.1,87109.87,78398.88,63865.37,UPI,Delivered,14533.510000000002,0.18537905133338642,2024-11,2024,Q4,1,0,0
ORD002522,2024-10-14,CUST01180,Electronics,Power Bank,South,Bengaluru,Mobile App,3,14471.33,0.0,43414.0,43414.0,25024.21,Credit Card,Delivered,18389.79,0.42359123784954167,2024-10,2024,Q4,1,0,0
ORD002523,2024-12-26,CUST00799,Electronics,Smartwatch,West,Mumbai,Website,4,20472.76,0.2,81891.04,65512.83,51050.37,Net Banking,Delivered,14462.46,0.22075767448910388,2024-12,2024,Q4,1,0,0
ORD002535,2025-02-28,CUST01333,Electronics,Wireless Headphones,North,Chandigarh,Mobile App,5,11491.97,0.05,57459.84,54586.85,44802.29,Debit Card,Delivered,9784.559999999998,0.17924756603467681,2025-02,2025,Q1,1,0,0
ORD002563,2025-01-18,CUST00201,Electronics,Wireless Headphones,North,Chandigarh,Mobile App,4,17830.24,0.15,71320.96,60622.82,35492.82,Credit Card,Delivered,25130.0,0.4145303699168069,2025-01,2025,Q1,1,0,0
ORD002578,2025-05-14,CUST00756,Electronics,Power Bank,Central,Indore,Mobile App,4,19674.23,0.1,78696.93,70827.23,45645.92,Credit Card,Delivered,25181.309999999998,0.35553148132434376,2025-05,2025,Q2,1,0,0
ORD002579,2024-11-16,CUST01210,Electronics,Bluetooth Speaker,West,Ahmedabad,Mobile App,3,15422.2,0.0,46266.59,46266.59,37470.85,Cash on Delivery,Delivered,8795.739999999998,0.1901099692023985,2024-11,2024,Q4,1,0,0
ORD002594,2025-03-01,CUST00737,Electronics,Bluetooth Speaker,North,Delhi,Mobile App,4,21806.73,0.1,87226.91,78504.22,44961.41,UPI,Delivered,33542.81,0.4272739732972316,2025-03,2025,Q1,1,0,0
ORD002613,2024-05-10,CUST00324,Home & Kitchen,Coffee Maker,North,Jaipur,Mobile App,5,9936.52,0.15,49682.61,42230.22,24203.03,Credit Card,Delivered,18027.190000000002,0.4268789033066842,2024-05,2024,Q2,1,0,0
ORD002630,2024-09-18,CUST01290,Electronics,Smartwatch,South,Hyderabad,Mobile App,5,15229.11,0.1,76145.54,68530.99,48470.63,UPI,Delivered,20060.360000000008,0.2927195419181892,2024-09,2024,Q3,1,0,0
ORD002684,2025-06-01,CUST01167,Electronics,Laptop Stand,Central,Bhopal,Website,4,15437.64,0.15,61750.58,52487.99,30429.71,Cash on Delivery,Delivered,22058.28,0.4202538523574631,2025-06,2025,Q2,1,0,0
ORD002704,2025-05-06,CUST00234,Electronics,Laptop Stand,South,Chennai,Marketplace,4,21566.45,0.25,86265.79,64699.34,33858.02,Credit Card,Delivered,30841.32,0.47668677918507363,2025-05,2025,Q2,1,0,0
ORD002709,2025-05-11,CUST00784,Electronics,Laptop Stand,North,Jaipur,Marketplace,5,11843.66,0.1,59218.29,53296.46,43320.31,Net Banking,Delivered,9976.150000000001,0.187182225611232,2025-05,2025,Q2,1,0,0
ORD002714,2024-10-04,CUST00296,Electronics,Smartwatch,West,Pune,Mobile App,5,13859.66,0.0,69298.29,69298.29,39710.56,Net Banking,Delivered,29587.729999999996,0.42696190627503217,2024-10,2024,Q4,1,0,0
ORD002726,2025-05-23,CUST01027,Electronics,Power Bank,East,Kolkata,Mobile App,3,21289.21,0.05,63867.63,60674.25,32242.31,Debit Card,Delivered,28431.94,0.46859977667626707,2025-05,2025,Q2,1,0,0
ORD002728,2024-07-07,CUST01070,Electronics,Bluetooth Speaker,North,Delhi,Website,3,19424.18,0.05,58272.53,55358.9,35764.66,UPI,Delivered,19594.239999999998,0.35394922948252217,2024-07,2024,Q3,1,0,0
ORD002761,2024-02-14,CUST01231,Electronics,Wireless Headphones,East,Bhubaneswar,Mobile App,5,12732.73,0.1,63663.65,57297.28,45947.93,Cash on Delivery,Delivered,11349.349999999999,0.19807833809912093,2024-02,2024,Q1,1,0,0
ORD002772,2024-09-30,CUST00893,Electronics,Laptop Stand,East,Patna,Mobile App,4,18146.88,0.1,72587.53,65328.77,46427.24,Debit Card,Delivered,18901.53,0.28932934142185746,2024-09,2024,Q3,1,0,0
ORD002803,2024-05-29,CUST01156,Electronics,Laptop Stand,Central,Indore,Website,4,19501.27,0.05,78005.09,74104.83,58625.3,Net Banking,Delivered,15479.529999999999,0.2088869241046771,2024-05,2024,Q2,1,0,0
ORD002826,2024-07-17,CUST01497,Electronics,Smartwatch,North,Delhi,Website,4,17680.23,0.1,70720.93,63648.83,48712.65,Credit Card,Delivered,14936.18,0.23466542904245058,2024-07,2024,Q3,1,0,0
ORD002828,2024-10-05,CUST00233,Electronics,Smartwatch,West,Pune,Website,5,16161.3,0.1,80806.5,72725.85,51590.95,Cash on Delivery,Delivered,21134.90000000001,0.2906105600690814,2024-10,2024,Q4,1,0,0
ORD002830,2025-01-24,CUST01232,Electronics,Power Bank,East,Patna,Website,4,12046.83,0.1,48187.31,43368.58,26107.9,Credit Card,Delivered,17260.68,0.3979996578167881,2025-01,2025,Q1,1,0,0
ORD002842,2024-01-14,CUST00846,Electronics,Smartwatch,South,Bengaluru,Mobile App,5,9457.41,0.1,47287.03,42558.33,25088.92,Debit Card,Delivered,17469.410000000003,0.41048156729834095,2024-01,2024,Q1,1,0,0
ORD002871,2024-08-11,CUST01272,Electronics,Bluetooth Speaker,North,Chandigarh,Mobile App,5,13527.62,0.1,67638.11,60874.3,43791.74,Net Banking,Delivered,17082.560000000005,0.2806202288979094,2024-08,2024,Q3,1,0,0
ORD002885,2024-11-09,CUST01589,Electronics,Power Bank,Central,Nagpur,Mobile App,5,17692.92,0.1,88464.61,79618.15,55260.36,Debit Card,Delivered,24357.789999999994,0.3059326296830559,2024-11,2024,Q4,1,0,0
ORD002887,2024-11-10,CUST00380,Home & Kitchen,Coffee Maker,East,Kolkata,Website,5,9890.63,0.0,49453.13,49453.13,32691.3,Debit Card,Delivered,16761.829999999998,0.3389437635191139,2024-11,2024,Q4,1,0,0
ORD002892,2025-05-13,CUST00448,Electronics,Smartwatch,South,Bengaluru,Mobile App,4,15353.33,0.1,61413.32,55271.99,41123.31,Debit Card,Delivered,14148.68,0.2559828224024501,2025-05,2025,Q2,1,0,0
ORD002894,2025-02-11,CUST00044,Electronics,Power Bank,West,Pune,Mobile App,5,8780.24,0.0,43901.21,43901.21,29860.54,UPI,Delivered,14040.669999999998,0.31982421441231346,2025-02,2025,Q1,1,0,0
ORD002897,2024-06-10,CUST00529,Electronics,Laptop Stand,East,Kolkata,Marketplace,3,20092.5,0.0,60277.51,60277.51,33534.53,Cash on Delivery,Delivered,26742.980000000003,0.44366431194652867,2024-06,2024,Q2,1,0,0
ORD002930,2024-06-01,CUST01515,Electronics,Power Bank,East,Kolkata,Marketplace,3,20305.15,0.2,60915.45,48732.36,36666.68,Net Banking,Delivered,12065.68,0.24759071795414792,2024-06,2024,Q2,1,0,0
ORD002955,2024-12-11,CUST00837,Electronics,Laptop Stand,Central,Indore,Mobile App,4,12802.65,0.1,51210.59,46089.53,29773.67,Credit Card,Delivered,16315.86,0.35400360993049834,2024-12,2024,Q4,1,0,0
ORD002975,2025-02-28,CUST01554,Electronics,Bluetooth Speaker,East,Patna,Website,5,14090.99,0.0,70454.95,70454.95,56158.16,Cash on Delivery,Delivered,14296.789999999994,0.20292101548578198,2025-02,2025,Q1,1,0,0
ORD002980,2024-03-09,CUST01545,Electronics,Laptop Stand,South,Chennai,Mobile App,4,19085.41,0.15,76341.64,64890.4,53586.9,UPI,Delivered,11303.5,0.17419371740658093,2024-03,2024,Q1,1,0,0
ORD002987,2024-05-22,CUST00599,Electronics,Bluetooth Speaker,North,Chandigarh,Mobile App,4,21240.67,0.15,84962.68,72218.28,48199.36,UPI,Delivered,24018.92,0.332587815716464,2024-05,2024,Q2,1,0,0
ORD002992,2024-12-28,CUST00319,Electronics,Laptop Stand,West,Mumbai,Marketplace,5,21323.64,0.2,106618.18,85294.54,60015.68,Credit Card,Delivered,25278.859999999993,0.2963713738300247,2024-12,2024,Q4,1,0,0
ORD002996,2024-06-29,CUST01349,Electronics,Laptop Stand,East,Patna,Mobile App,4,14569.57,0.1,58278.28,52450.46,35343.89,Credit Card,Delivered,17106.57,0.32614718726966363,2024-06,2024,Q2,1,0,0
ORD002997,2024-07-29,CUST00196,Electronics,Smartwatch,North,Delhi,Mobile App,4,12698.88,0.0,50795.51,50795.51,28477.26,Credit Card,Delivered,22318.250000000004,0.4393744643965579,2024-07,2024,Q3,1,0,0
ORD003004,2024-05-05,CUST01047,Electronics,Laptop Stand,Central,Indore,Website,3,21238.76,0.05,63716.28,60530.46,42449.62,UPI,Delivered,18080.839999999997,0.2987064694370404,2024-05,2024,Q2,1,0,0
ORD003018,2024-06-04,CUST00473,Electronics,Smartwatch,West,Ahmedabad,Mobile App,4,15568.97,0.05,62275.88,59162.09,41285.52,Debit Card,Delivered,17876.57,0.30216258418186376,2024-06,2024,Q2,1,0,0
ORD003020,2024-09-26,CUST01506,Electronics,Wireless Headphones,West,Pune,Mobile App,4,14753.02,0.1,59012.07,53110.87,32257.93,Cash on Delivery,Delivered,20852.940000000002,0.3926303598491232,2024-09,2024,Q3,1,0,0
ORD003026,2024-04-01,CUST00108,Electronics,Wireless Headphones,West,Pune,Mobile App,4,16118.64,0.0,64474.58,64474.58,48029.75,Debit Card,Delivered,16444.83,0.2550591256274954,2024-04,2024,Q2,1,0,0
ORD003053,2024-05-26,CUST00749,Electronics,Power Bank,West,Mumbai,Marketplace,4,11934.17,0.1,47736.69,42963.02,30964.32,Cash on Delivery,Delivered,11998.699999999997,0.27927971543899843,2024-05,2024,Q2,1,0,0
ORD003057,2024-03-04,CUST00694,Electronics,Laptop Stand,South,Bengaluru,Website,4,17246.56,0.15,68986.23,58638.3,33187.36,Cash on Delivery,Delivered,25450.940000000002,0.4340327055866217,2024-03,2024,Q1,1,0,0
ORD003061,2025-02-08,CUST01310,Electronics,Wireless Headphones,South,Chennai,Website,5,18732.38,0.05,93661.92,88978.82,57700.43,Debit Card,Delivered,31278.390000000007,0.35152623961522533,2025-02,2025,Q1,1,0,0
ORD003086,2025-03-28,CUST01366,Electronics,Wireless Headphones,North,Chandigarh,Mobile App,4,17737.05,0.05,70948.19,67400.78,50623.67,Credit Card,Delivered,16777.11,0.24891566536767082,2025-03,2025,Q1,1,0,0
ORD003087,2024-02-08,CUST01226,Electronics,Bluetooth Speaker,Central,Indore,Website,5,11330.7,0.05,56653.51,53820.84,31161.06,Net Banking,Delivered,22659.779999999995,0.421022414365885,2024-02,2024,Q1,1,0,0
ORD003101,2025-04-01,CUST00839,Electronics,Power Bank,East,Patna,Website,3,20124.37,0.2,60373.11,48298.49,29859.91,UPI,Delivered,18438.579999999998,0.3817630737524092,2025-04,2025,Q2,1,0,0
ORD003105,2025-06-23,CUST00197,Electronics,Smartwatch,West,Mumbai,Website,3,16961.64,0.05,50884.92,48340.67,39525.31,Cash on Delivery,Delivered,8815.36,0.18235907777033294,2025-06,2025,Q2,1,0,0
ORD003120,2024-09-25,CUST00678,Electronics,Power Bank,West,Mumbai,Website,5,16331.35,0.05,81656.75,77573.92,46087.21,Net Banking,Delivered,31486.71,0.4058929856838484,2024-09,2024,Q3,1,0,0
ORD003133,2024-02-01,CUST00239,Electronics,Laptop Stand,West,Pune,Mobile App,5,12323.39,0.1,61616.94,55455.24,44631.47,Credit Card,Delivered,10823.769999999997,0.19518029315173818,2024-02,2024,Q1,1,0,0
ORD003137,2025-03-25,CUST00553,Electronics,Laptop Stand,West,Mumbai,Website,5,14399.76,0.15,71998.79,61198.97,43828.84,UPI,Delivered,17370.130000000005,0.28383043047946727,2025-03,2025,Q1,1,0,0
ORD003147,2024-07-21,CUST00484,Electronics,Wireless Headphones,West,Pune,Mobile App,5,17120.88,0.1,85604.39,77043.95,48639.31,Debit Card,Delivered,28404.64,0.3686809931214586,2024-07,2024,Q3,1,0,0
ORD003164,2024-05-12,CUST01097,Electronics,Power Bank,Central,Nagpur,Mobile App,3,18469.94,0.05,55409.82,52639.33,33840.86,Credit Card,Delivered,18798.47,0.35711833718248315,2024-05,2024,Q2,1,0,0
ORD003188,2025-06-07,CUST00103,Electronics,Bluetooth Speaker,Central,Bhopal,Website,5,16897.63,0.0,84488.15,84488.15,63850.09,Cash on Delivery,Delivered,20638.059999999998,0.24427165229680137,2025-06,2025,Q2,1,0,0
ORD003190,2024-06-28,CUST00085,Electronics,Smartwatch,West,Ahmedabad,Mobile App,5,14860.28,0.1,74301.38,66871.25,51013.82,Credit Card,Delivered,15857.43,0.23713374581752247,2024-06,2024,Q2,1,0,0
ORD003195,2025-06-19,CUST00715,Electronics,Wireless Headphones,South,Bengaluru,Website,4,15694.23,0.15,62776.93,53360.39,31171.36,Net Banking,Delivered,22189.03,0.4158333550410707,2025-06,2025,Q2,1,0,0
ORD003200,2024-12-31,CUST01420,Electronics,Laptop Stand,East,Patna,Mobile App,5,14936.2,0.1,74681.01,67212.91,36676.85,UPI,Delivered,30536.060000000005,0.4543183742528036,2024-12,2024,Q4,1,0,0
ORD003205,2024-07-24,CUST00892,Electronics,Wireless Headphones,West,Ahmedabad,Website,5,21192.1,0.0,105960.51,105960.51,77852.27,Debit Card,Delivered,28108.23999999999,0.2652709013952461,2024-07,2024,Q3,1,0,0
ORD003210,2024-06-01,CUST00409,Electronics,Laptop Stand,South,Bengaluru,Website,5,15519.25,0.1,77596.24,69836.62,43837.91,Credit Card,Delivered,25998.709999999992,0.37227904214150104,2024-06,2024,Q2,1,0,0
ORD003217,2025-05-23,CUST00220,Electronics,Power Bank,South,Chennai,Mobile App,5,20798.62,0.15,103993.1,88394.13,48183.2,UPI,Delivered,40210.93000000001,0.45490498068140955,2025-05,2025,Q2,1,0,0
ORD003261,2024-01-01,CUST01207,Electronics,Wireless Headphones,East,Patna,Mobile App,3,15247.89,0.0,45743.67,45743.67,30883.3,Credit Card,Delivered,14860.369999999999,0.3248617786898165,2024-01,2024,Q1,1,0,0
ORD003287,2024-08-12,CUST00093,Electronics,Bluetooth Speaker,Central,Nagpur,Mobile App,3,20916.58,0.1,62749.75,56474.77,43555.65,UPI,Delivered,12919.119999999995,0.22875914324219462,2024-08,2024,Q3,1,0,0
ORD003298,2025-06-29,CUST00561,Electronics,Laptop Stand,South,Bengaluru,Mobile App,5,13507.52,0.2,67537.6,54030.08,31594.26,UPI,Delivered,22435.820000000003,0.4152468402786004,2025-06,2025,Q2,1,0,0
ORD003302,2024-06-06,CUST01024,Electronics,Laptop Stand,North,Chandigarh,Marketplace,4,19049.54,0.1,76198.16,68578.34,56278.07,Credit Card,Delivered,12300.269999999997,0.17936085942004426,2024-06,2024,Q2,1,0,0
ORD003330,2025-03-02,CUST00408,Electronics,Laptop Stand,Central,Bhopal,Mobile App,3,20049.41,0.2,60148.23,48118.58,26601.19,Debit Card,Delivered,21517.390000000003,0.44717425160925367,2025-03,2025,Q1,1,0,0
ORD003336,2024-08-03,CUST01084,Electronics,Laptop Stand,South,Hyderabad,Website,4,20888.87,0.2,83555.48,66844.38,49075.57,Net Banking,Delivered,17768.810000000005,0.265823544178284,2024-08,2024,Q3,1,0,0
ORD003347,2025-01-09,CUST00689,Electronics,Bluetooth Speaker,North,Delhi,Marketplace,5,18502.97,0.0,92514.87,92514.87,54860.94,UPI,Delivered,37653.92999999999,0.40700408485684514,2025-01,2025,Q1,1,0,0
ORD003357,2024-03-06,CUST01278,Electronics,Power Bank,East,Patna,Mobile App,5,12475.73,0.1,62378.64,56140.78,30459.41,Net Banking,Delivered,25681.37,0.457445906522852,2024-03,2024,Q1,1,0,0
ORD003358,2025-05-17,CUST00661,Electronics,Laptop Stand,Central,Nagpur,Mobile App,3,17455.96,0.1,52367.89,47131.1,36860.7,Cash on Delivery,Delivered,10270.400000000001,0.21791131545837042,2025-05,2025,Q2,1,0,0
ORD003422,2024-08-08,CUST01500,Electronics,Wireless Headphones,West,Mumbai,Marketplace,5,16161.96,0.0,80809.82,80809.82,42117.31,Net Banking,Delivered,38692.51000000001,0.47880950607240563,2024-08,2024,Q3,1,0,0
ORD003478,2024-07-24,CUST00442,Electronics,Laptop Stand,Central,Nagpur,Mobile App,3,21493.45,0.0,64480.34,64480.34,46481.69,Debit Card,Delivered,17998.649999999994,0.27913391895886397,2024-07,2024,Q3,1,0,0
ORD003481,2024-03-15,CUST01585,Electronics,Wireless Headphones,North,Delhi,Website,4,15473.92,0.0,61895.67,61895.67,39746.68,Credit Card,Delivered,22148.989999999998,0.3578439331862794,2024-03,2024,Q1,1,0,0
ORD003492,2024-05-20,CUST00624,Electronics,Smartwatch,West,Mumbai,Website,5,16516.65,0.2,82583.24,66066.59,43381.22,Net Banking,Delivered,22685.369999999995,0.34337128645507503,2024-05,2024,Q2,1,0,0
ORD003510,2025-02-17,CUST00752,Electronics,Bluetooth Speaker,West,Ahmedabad,Mobile App,5,10645.0,0.1,53225.0,47902.5,25135.15,Credit Card,Delivered,22767.35,0.47528521475914615,2025-02,2025,Q1,1,0,0
ORD003513,2024-09-08,CUST00200,Electronics,Bluetooth Speaker,West,Pune,Marketplace,4,15771.99,0.1,63087.94,56779.15,46727.84,UPI,Delivered,10051.310000000005,0.1770246648637749,2024-09,2024,Q3,1,0,0
ORD003537,2025-06-05,CUST00316,Electronics,Smartwatch,South,Bengaluru,Website,4,10930.7,0.0,43722.81,43722.81,31958.84,Cash on Delivery,Delivered,11763.969999999998,0.269057958534687,2025-06,2025,Q2,1,0,0
ORD003560,2024-06-06,CUST00905,Electronics,Smartwatch,South,Bengaluru,Website,4,20495.47,0.0,81981.88,81981.88,61129.37,Debit Card,Delivered,20852.510000000002,0.25435510871426714,2024-06,2024,Q2,1,0,0
ORD003564,2024-07-17,CUST01214,Electronics,Bluetooth Speaker,South,Bengaluru,Website,4,17557.26,0.15,70229.05,59694.69,31397.19,Credit Card,Delivered,28297.500000000004,0.4740371379765939,2024-07,2024,Q3,1,0,0
ORD003613,2024-05-08,CUST01031,Electronics,Wireless Headphones,North,Jaipur,Mobile App,4,15312.02,0.1,61248.07,55123.27,33714.34,Cash on Delivery,Delivered,21408.93,0.3883828009477667,2024-05,2024,Q2,1,0,0
ORD003620,2025-05-02,CUST01513,Electronics,Power Bank,East,Kolkata,Mobile App,3,20270.11,0.0,60810.32,60810.32,40973.93,UPI,Delivered,19836.39,0.32620104613822126,2025-05,2025,Q2,1,0,0
ORD003621,2024-04-29,CUST01242,Electronics,Wireless Headphones,West,Ahmedabad,Mobile App,5,13688.22,0.1,68441.08,61596.97,40922.82,UPI,Delivered,20674.15,0.33563582754151705,2024-04,2024,Q2,1,0,0
ORD003642,2024-04-16,CUST01033,Electronics,Smartwatch,West,Pune,Marketplace,3,19624.41,0.05,58873.22,55929.56,40109.84,Net Banking,Delivered,15819.720000000001,0.2828507858813837,2024-04,2024,Q2,1,0,0
ORD003648,2024-03-06,CUST01517,Electronics,Smartwatch,West,Pune,Marketplace,5,13067.37,0.1,65336.87,58803.19,49004.8,Net Banking,Delivered,9798.39,0.16663024574006952,2024-03,2024,Q1,1,0,0
ORD003651,2024-03-08,CUST00958,Electronics,Laptop Stand,West,Pune,Mobile App,3,19789.69,0.05,59369.07,56400.61,39626.61,Net Banking,Delivered,16774.0,0.29740813086950657,2024-03,2024,Q1,1,0,0
ORD003656,2025-04-30,CUST00942,Electronics,Power Bank,South,Chennai,Mobile App,4,21515.06,0.0,86060.25,86060.25,65126.93,UPI,Delivered,20933.32,0.24324028805400866,2025-04,2025,Q2,1,0,0
ORD003659,2024-03-24,CUST00319,Electronics,Power Bank,South,Hyderabad,Website,5,14434.76,0.0,72173.78,72173.78,39887.95,UPI,Delivered,32285.83,0.4473346137613965,2024-03,2024,Q1,1,0,0
ORD003666,2024-04-01,CUST01131,Electronics,Bluetooth Speaker,East,Kolkata,Website,5,11092.11,0.15,55460.57,47141.49,34517.81,Credit Card,Delivered,12623.68,0.2677827960041144,2024-04,2024,Q2,1,0,0
ORD003698,2024-08-09,CUST00312,Electronics,Bluetooth Speaker,East,Kolkata,Website,5,12235.53,0.1,61177.64,55059.87,43317.75,UPI,Delivered,11742.120000000003,0.21326094667495588,2024-08,2024,Q3,1,0,0
ORD003704,2025-06-01,CUST00655,Electronics,Wireless Headphones,East,Kolkata,Website,5,10345.74,0.05,51728.71,49142.28,35281.17,UPI,Delivered,13861.11,0.2820607835045505,2025-06,2025,Q2,1,0,0
ORD003706,2025-05-18,CUST01569,Electronics,Wireless Headphones,North,Chandigarh,Mobile App,5,9874.83,0.0,49374.16,49374.16,28346.63,Cash on Delivery,Delivered,21027.530000000002,0.4258812706889596,2025-05,2025,Q2,1,0,0
ORD003730,2024-02-10,CUST01206,Electronics,Power Bank,South,Chennai,Website,5,19639.09,0.2,98195.46,78556.37,51391.75,Debit Card,Delivered,27164.619999999995,0.34579780099309576,2024-02,2024,Q1,1,0,0
ORD003739,2025-06-22,CUST01083,Electronics,Bluetooth Speaker,South,Bengaluru,Website,3,14061.27,0.0,42183.82,42183.82,22124.5,Cash on Delivery,Delivered,20059.32,0.4755216573558298,2025-06,2025,Q2,1,0,0
ORD003761,2024-12-28,CUST00681,Electronics,Wireless Headphones,West,Mumbai,Website,4,17869.67,0.0,71478.7,71478.7,41501.26,Credit Card,Delivered,29977.439999999995,0.41938983221575094,2024-12,2024,Q4,1,0,0
ORD003765,2025-03-14,CUST00467,Electronics,Wireless Headphones,East,Bhubaneswar,Mobile App,3,15360.24,0.05,46080.72,43776.68,35777.51,UPI,Delivered,7999.169999999998,0.1827267394420956,2025-03,2025,Q1,1,0,0
ORD003783,2024-10-28,CUST00249,Electronics,Laptop Stand,Central,Indore,Website,5,19101.3,0.0,95506.52,95506.52,66604.59,Net Banking,Delivered,28901.930000000008,0.30261735010342755,2024-10,2024,Q4,1,0,0
ORD003806,2024-03-14,CUST00447,Electronics,Power Bank,East,Kolkata,Website,3,17744.95,0.1,53234.86,47911.37,39211.98,Cash on Delivery,Delivered,8699.39,0.18157255782917497,2024-03,2024,Q1,1,0,0
ORD003821,2025-06-21,CUST00045,Electronics,Wireless Headphones,South,Hyderabad,Mobile App,5,15145.89,0.15,75729.45,64370.04,45989.62,Debit Card,Delivered,18380.42,0.28554308805773615,2025-06,2025,Q2,1,0,0
ORD003823,2024-01-20,CUST01102,Electronics,Bluetooth Speaker,West,Mumbai,Marketplace,3,17179.92,0.0,51539.76,51539.76,42580.8,UPI,Delivered,8958.96,0.17382618778201525,2024-01,2024,Q1,1,0,0
ORD003824,2024-03-04,CUST00275,Electronics,Power Bank,North,Jaipur,Marketplace,5,20971.31,0.25,104856.56,78642.42,51132.52,UPI,Delivered,27509.9,0.34980993718148556,2024-03,2024,Q1,1,0,0
ORD003836,2024-09-07,CUST00346,Electronics,Laptop Stand,East,Patna,Website,5,19459.57,0.1,97297.86,87568.08,70763.73,Credit Card,Delivered,16804.350000000006,0.19190040480503862,2024-09,2024,Q3,1,0,0
ORD003840,2024-06-25,CUST00730,Electronics,Laptop Stand,West,Mumbai,Mobile App,4,16338.79,0.1,65355.16,58819.65,36650.58,Debit Card,Delivered,22169.07,0.37689904649211614,2024-06,2024,Q2,1,0,0
ORD003847,2025-02-08,CUST01165,Electronics,Wireless Headphones,South,Bengaluru,Mobile App,4,18922.23,0.15,75688.91,64335.58,38095.51,Credit Card,Delivered,26240.07,0.4078624922632235,2025-02,2025,Q1,1,0,0
ORD003852,2024-12-14,CUST00544,Electronics,Smartwatch,South,Bengaluru,Website,4,15501.08,0.1,62004.33,55803.9,30358.31,Cash on Delivery,Delivered,25445.59,0.45598228797628837,2024-12,2024,Q4,1,0,0
ORD003856,2024-12-22,CUST01369,Electronics,Smartwatch,West,Ahmedabad,Website,4,21606.7,0.0,86426.8,86426.8,53596.34,Net Banking,Delivered,32830.46000000001,0.3798643476329102,2024-12,2024,Q4,1,0,0
ORD003871,2024-12-09,CUST00684,Electronics,Laptop Stand,South,Hyderabad,Marketplace,5,16683.34,0.15,83416.71,70904.2,42923.18,Cash on Delivery,Delivered,27981.019999999997,0.3946313476493635,2024-12,2024,Q4,1,0,0
ORD003889,2024-12-20,CUST01493,Electronics,Wireless Headphones,South,Bengaluru,Website,3,21298.57,0.05,63895.7,60700.91,32746.39,Credit Card,Delivered,27954.520000000004,0.4605288454489398,2024-12,2024,Q4,1,0,0
ORD003932,2024-12-02,CUST00295,Electronics,Smartwatch,North,Chandigarh,Website,5,12452.72,0.1,62263.59,56037.23,29147.18,UPI,Delivered,26890.050000000003,0.47986044278062995,2024-12,2024,Q4,1,0,0
ORD003959,2024-12-26,CUST00963,Electronics,Smartwatch,South,Hyderabad,Website,4,14700.67,0.15,58802.69,49982.29,30427.09,Credit Card,Delivered,19555.2,0.3912425781211705,2024-12,2024,Q4,1,0,0
ORD004028,2024-09-12,CUST01384,Electronics,Bluetooth Speaker,West,Ahmedabad,Website,5,20694.03,0.25,103470.14,77602.61,58896.85,Debit Card,Delivered,18705.760000000002,0.2410455009180748,2024-09,2024,Q3,1,0,0
ORD004030,2024-11-05,CUST01345,Electronics,Laptop Stand,North,Delhi,Website,5,16477.71,0.0,82388.57,82388.57,50987.64,Cash on Delivery,Delivered,31400.930000000008,0.3811321157777105,2024-11,2024,Q4,1,0,0
ORD004037,2024-05-29,CUST01231,Electronics,Laptop Stand,East,Kolkata,Mobile App,3,16566.4,0.05,49699.19,47214.23,33746.83,Credit Card,Delivered,13467.400000000001,0.2852402760777842,2024-05,2024,Q2,1,0,0
ORD004055,2025-02-20,CUST00590,Home & Kitchen,Mixer Grinder,West,Mumbai,Mobile App,5,8956.2,0.0,44781.0,44781.0,28072.84,Net Banking,Delivered,16708.16,0.373108237868739,2025-02,2025,Q1,1,0,0
ORD004060,2024-07-15,CUST00184,Electronics,Laptop Stand,South,Bengaluru,Mobile App,4,17983.44,0.15,71933.76,61143.7,42783.54,Net Banking,Delivered,18360.159999999996,0.30027885129620874,2024-07,2024,Q3,1,0,0
ORD004101,2024-08-19,CUST01383,Electronics,Laptop Stand,West,Ahmedabad,Mobile App,4,21356.8,0.05,85427.19,81155.83,44983.06,Net Banking,Delivered,36172.770000000004,0.44571991932064525,2024-08,2024,Q3,1,0,0
ORD004107,2025-04-26,CUST00892,Electronics,Wireless Headphones,North,Delhi,Website,5,15293.82,0.0,76469.1,76469.1,51918.89,Net Banking,Delivered,24550.210000000006,0.3210474557697162,2025-04,2025,Q2,1,0,0
ORD004134,2024-08-02,CUST00302,Electronics,Smartwatch,Central,Bhopal,Website,4,20587.05,0.1,82348.18,74113.36,60804.85,UPI,Delivered,13308.510000000002,0.17956964844125273,2024-08,2024,Q3,1,0,0
ORD004152,2024-01-31,CUST00897,Electronics,Power Bank,South,Bengaluru,Mobile App,3,20102.39,0.05,60307.18,57291.82,30103.3,UPI,Delivered,27188.52,0.47456198808137007,2024-01,2024,Q1,1,0,0
ORD004154,2025-02-05,CUST00827,Electronics,Power Bank,West,Pune,Mobile App,3,14730.26,0.05,44190.79,41981.25,34171.68,UPI,Delivered,7809.57,0.18602518981688254,2025-02,2025,Q1,1,0,0
ORD004158,2025-02-08,CUST00036,Electronics,Bluetooth Speaker,West,Ahmedabad,Mobile App,4,10951.85,0.0,43807.4,43807.4,28212.66,Cash on Delivery,Delivered,15594.740000000002,0.35598414879677864,2025-02,2025,Q1,1,0,0
ORD004180,2025-04-18,CUST01082,Electronics,Bluetooth Speaker,West,Pune,Website,4,20045.31,0.15,80181.24,68154.05,41676.94,UPI,Delivered,26477.11,0.3884891653540765,2025-04,2025,Q2,1,0,0
ORD004190,2024-05-23,CUST00256,Electronics,Wireless Headphones,South,Chennai,Mobile App,4,19375.49,0.15,77501.97,65876.67,39208.13,Debit Card,Delivered,26668.54,0.4048252590788211,2024-05,2024,Q2,1,0,0
ORD004245,2025-02-25,CUST00108,Electronics,Bluetooth Speaker,Central,Bhopal,Website,3,21757.28,0.15,65271.85,55481.08,44693.88,Net Banking,Delivered,10787.200000000004,0.19443024540978662,2025-02,2025,Q1,1,0,0
ORD004261,2024-04-03,CUST00497,Electronics,Wireless Headphones,Central,Indore,Mobile App,4,21074.01,0.2,84296.03,67436.83,35128.0,Net Banking,Delivered,32308.83,0.4790976978010384,2024-04,2024,Q2,1,0,0
ORD004299,2024-08-22,CUST00584,Electronics,Laptop Stand,Central,Indore,Mobile App,5,10789.62,0.15,53948.12,45855.91,29380.22,Credit Card,Delivered,16475.690000000002,0.35929261898847936,2024-08,2024,Q3,1,0,0
ORD004300,2024-06-30,CUST00790,Electronics,Wireless Headphones,South,Hyderabad,Marketplace,5,12991.03,0.05,64955.13,61707.37,47337.88,Credit Card,Delivered,14369.490000000005,0.232865053234322,2024-06,2024,Q2,1,0,0
ORD004372,2024-03-04,CUST00029,Electronics,Power Bank,West,Pune,Marketplace,4,16480.5,0.0,65921.99,65921.99,54482.44,Credit Card,Delivered,11439.550000000003,0.17353162427287164,2024-03,2024,Q1,1,0,0
ORD004376,2025-02-03,CUST00891,Electronics,Bluetooth Speaker,West,Pune,Website,4,14028.94,0.0,56115.77,56115.77,45965.89,Credit Card,Delivered,10149.879999999997,0.18087393258615178,2025-02,2025,Q1,1,0,0
ORD004382,2024-07-28,CUST00029,Electronics,Wireless Headphones,West,Mumbai,Marketplace,4,16588.27,0.15,66353.08,56400.12,43756.3,Cash on Delivery,Delivered,12643.82,0.22418072869348504,2024-07,2024,Q3,1,0,0
ORD004392,2024-09-28,CUST01253,Electronics,Laptop Stand,West,Ahmedabad,Mobile App,4,16644.55,0.1,66578.19,59920.37,31830.82,Debit Card,Delivered,28089.550000000003,0.4687813176053486,2024-09,2024,Q3,1,0,0
ORD004402,2024-03-03,CUST01247,Electronics,Bluetooth Speaker,West,Pune,Website,4,13459.26,0.0,53837.02,53837.02,37354.08,UPI,Delivered,16482.939999999995,0.30616367696428953,2024-03,2024,Q1,1,0,0
ORD004406,2025-05-12,CUST01215,Electronics,Laptop Stand,East,Bhubaneswar,Mobile App,3,20822.53,0.0,62467.59,62467.59,52355.98,UPI,Delivered,10111.609999999993,0.16186969915119173,2025-05,2025,Q2,1,0,0
ORD004435,2024-10-22,CUST01526,Electronics,Bluetooth Speaker,South,Bengaluru,Website,4,21620.91,0.0,86483.65,86483.65,52857.59,Cash on Delivery,Delivered,33626.06,0.3888140706364729,2024-10,2024,Q4,1,0,0
ORD004436,2024-10-31,CUST01052,Electronics,Power Bank,East,Kolkata,Mobile App,5,17826.55,0.0,89132.75,89132.75,48900.65,Net Banking,Delivered,40232.1,0.45137281190134937,2024-10,2024,Q4,1,0,0
ORD004437,2025-02-03,CUST01265,Electronics,Wireless Headphones,East,Patna,Website,3,18581.46,0.0,55744.38,55744.38,34961.92,Net Banking,Delivered,20782.46,0.3728171342115564,2025-02,2025,Q1,1,0,0
ORD004438,2024-11-05,CUST01309,Electronics,Power Bank,Central,Indore,Website,5,16712.7,0.2,83563.49,66850.79,41451.77,Cash on Delivery,Delivered,25399.019999999997,0.37993597383067573,2024-11,2024,Q4,1,0,0
ORD004454,2024-08-30,CUST00551,Electronics,Laptop Stand,West,Pune,Mobile App,5,13362.46,0.0,66812.32,66812.32,39441.85,Net Banking,Delivered,27370.47000000001,0.4096620204177913,2024-08,2024,Q3,1,0,0
ORD004501,2024-09-22,CUST00136,Electronics,Laptop Stand,South,Bengaluru,Website,4,19247.22,0.0,76988.88,76988.88,52513.77,Debit Card,Delivered,24475.110000000008,0.31790448179009756,2024-09,2024,Q3,1,0,0
ORD004507,2024-12-10,CUST01192,Home & Kitchen,Storage Box,North,Delhi,Website,5,9671.54,0.1,48357.72,43521.95,29419.94,Debit Card,Delivered,14102.009999999998,0.3240206378620443,2024-12,2024,Q4,1,0,0
ORD004508,2024-03-03,CUST00037,Electronics,Smartwatch,North,Delhi,Marketplace,3,20913.29,0.05,62739.87,59602.88,49448.58,Net Banking,Delivered,10154.299999999996,0.17036592862626765,2024-03,2024,Q1,1,0,0
ORD004509,2025-06-10,CUST00281,Electronics,Smartwatch,East,Kolkata,Mobile App,4,14106.72,0.15,56426.87,47962.84,25671.6,Credit Card,Delivered,22291.239999999998,0.46476063552533586,2025-06,2025,Q2,1,0,0
ORD004527,2024-04-05,CUST00878,Electronics,Smartwatch,West,Pune,Mobile App,5,12380.97,0.0,61904.83,61904.83,43286.6,Net Banking,Delivered,18618.230000000003,0.3007556922456617,2024-04,2024,Q2,1,0,0
ORD004541,2025-04-30,CUST00037,Electronics,Power Bank,Central,Bhopal,Website,4,10525.0,0.0,42100.02,42100.02,25480.07,Cash on Delivery,Delivered,16619.949999999997,0.394772971604289,2025-04,2025,Q2,1,0,0
ORD004554,2024-01-23,CUST01444,Electronics,Smartwatch,South,Chennai,Mobile App,5,14343.7,0.2,71718.48,57374.78,33736.7,UPI,Delivered,23638.08,0.4119942594986857,2024-01,2024,Q1,1,0,0
ORD004572,2024-10-13,CUST00518,Electronics,Power Bank,West,Pune,Website,5,13392.71,0.1,66963.53,60267.18,31627.62,Net Banking,Delivered,28639.56,0.4752098903582348,2024-10,2024,Q4,1,0,0
ORD004621,2025-02-13,CUST00610,Electronics,Wireless Headphones,North,Jaipur,Mobile App,5,16570.84,0.0,82854.18,82854.18,45694.31,Cash on Delivery,Delivered,37159.869999999995,0.4484972272974037,2025-02,2025,Q1,1,0,0
ORD004625,2025-05-22,CUST01592,Electronics,Bluetooth Speaker,South,Hyderabad,Website,5,20709.34,0.25,103546.71,77660.04,51734.15,Cash on Delivery,Delivered,25925.889999999992,0.3338382261971536,2025-05,2025,Q2,1,0,0
ORD004626,2024-09-01,CUST01191,Electronics,Power Bank,South,Bengaluru,Mobile App,3,15351.54,0.0,46054.61,46054.61,28946.16,Credit Card,Delivered,17108.45,0.3714818125699034,2024-09,2024,Q3,1,0,0
ORD004640,2024-03-21,CUST01521,Electronics,Bluetooth Speaker,South,Bengaluru,Website,5,17190.92,0.15,85954.62,73061.42,40583.79,Cash on Delivery,Delivered,32477.629999999997,0.44452503113134123,2024-03,2024,Q1,1,0,0
ORD004642,2024-08-14,CUST00683,Electronics,Laptop Stand,Central,Nagpur,Mobile App,5,18973.68,0.05,94868.41,90124.98,74008.35,UPI,Delivered,16116.62999999999,0.1788253378807961,2024-08,2024,Q3,1,0,0
ORD004709,2024-01-04,CUST01582,Electronics,Bluetooth Speaker,South,Chennai,Website,3,20622.23,0.2,61866.69,49493.35,30532.65,UPI,Delivered,18960.699999999997,0.3830959108647929,2024-01,2024,Q1,1,0,0
ORD004711,2024-09-04,CUST01138,Electronics,Power Bank,South,Bengaluru,Marketplace,5,13228.51,0.15,66142.57,56221.19,33107.53,Cash on Delivery,Delivered,23113.660000000003,0.4111200776788966,2024-09,2024,Q3,1,0,0
ORD004719,2024-07-07,CUST00747,Electronics,Power Bank,West,Pune,Mobile App,3,21501.19,0.05,64503.57,61278.39,49567.09,Cash on Delivery,Delivered,11711.300000000003,0.19111631359766473,2024-07,2024,Q3,1,0,0
ORD004728,2025-01-25,CUST01135,Electronics,Power Bank,South,Chennai,Mobile App,5,11242.28,0.1,56211.42,50590.27,29941.52,UPI,Delivered,20648.749999999996,0.4081565486802106,2025-01,2025,Q1,1,0,0
ORD004734,2024-01-15,CUST00986,Electronics,Laptop Stand,South,Bengaluru,Mobile App,4,18584.58,0.1,74338.34,66904.5,44898.64,Cash on Delivery,Delivered,22005.86,0.3289144975300615,2024-01,2024,Q1,1,0,0
ORD004735,2024-05-19,CUST01382,Electronics,Wireless Headphones,West,Mumbai,Website,4,17940.22,0.2,71760.89,57408.71,33157.14,Net Banking,Delivered,24251.57,0.4224371179913292,2024-05,2024,Q2,1,0,0
ORD004745,2025-02-21,CUST00513,Electronics,Power Bank,North,Chandigarh,Website,5,13993.47,0.1,69967.33,62970.6,48525.38,UPI,Delivered,14445.220000000001,0.2293962579362433,2025-02,2025,Q1,1,0,0
ORD004746,2024-07-06,CUST01434,Electronics,Laptop Stand,South,Hyderabad,Website,4,13151.08,0.15,52604.32,44713.67,31299.98,Net Banking,Delivered,13413.689999999999,0.2999908081801382,2024-07,2024,Q3,1,0,0
ORD004767,2024-08-30,CUST00959,Electronics,Laptop Stand,North,Jaipur,Website,4,18233.95,0.0,72935.79,72935.79,43351.3,UPI,Delivered,29584.48999999999,0.4056237685229706,2024-08,2024,Q3,1,0,0
ORD004800,2024-03-29,CUST01514,Electronics,Smartwatch,East,Bhubaneswar,Mobile App,5,11880.46,0.25,59402.29,44551.72,27686.45,Credit Card,Delivered,16865.27,0.378554857141318,2024-03,2024,Q1,1,0,0
ORD004811,2024-12-19,CUST01156,Electronics,Bluetooth Speaker,West,Ahmedabad,Website,3,17931.44,0.15,53794.31,45725.16,31532.62,Credit Card,Delivered,14192.540000000005,0.3103879789595051,2024-12,2024,Q4,1,0,0
ORD004834,2025-03-07,CUST00097,Electronics,Wireless Headphones,South,Hyderabad,Website,3,17538.27,0.05,52614.82,49984.08,36722.02,Credit Card,Delivered,13262.060000000005,0.2653256796964154,2025-03,2025,Q1,1,0,0
ORD004838,2024-04-06,CUST00269,Home & Kitchen,Water Bottle,North,Delhi,Mobile App,5,9717.29,0.1,48586.46,43727.81,35082.89,UPI,Delivered,8644.919999999998,0.19769844407940848,2024-04,2024,Q2,1,0,0
ORD004840,2024-07-05,CUST00358,Electronics,Laptop Stand,West,Ahmedabad,Marketplace,4,21538.31,0.0,86153.25,86153.25,52712.59,Cash on Delivery,Delivered,33440.66,0.3881532037386866,2024-07,2024,Q3,1,0,0
ORD004853,2025-01-07,CUST01496,Electronics,Bluetooth Speaker,West,Mumbai,Website,5,16478.54,0.1,82392.7,74153.43,53591.95,Cash on Delivery,Delivered,20561.479999999996,0.27728292541558763,2025-01,2025,Q1,1,0,0
ORD004856,2025-05-26,CUST00527,Electronics,Bluetooth Speaker,West,Pune,Website,4,15187.81,0.1,60751.25,54676.13,28919.96,UPI,Delivered,25756.17,0.4710679047694122,2025-05,2025,Q2,1,0,0
ORD004862,2024-04-30,CUST00282,Electronics,Power Bank,Central,Bhopal,Mobile App,4,14269.32,0.05,57077.3,54223.43,37246.65,Debit Card,Delivered,16976.78,0.3130893785214251,2024-04,2024,Q2,1,0,0
ORD004874,2024-06-11,CUST00710,Electronics,Laptop Stand,East,Patna,Marketplace,3,14538.07,0.0,43614.21,43614.21,25650.1,Net Banking,Delivered,17964.11,0.4118866305270691,2024-06,2024,Q2,1,0,0
ORD004893,2025-01-30,CUST00732,Electronics,Power Bank,West,Mumbai,Mobile App,4,16227.3,0.1,64909.2,58418.28,36086.35,Cash on Delivery,Delivered,22331.93,0.38227640389275414,2025-01,2025,Q1,1,0,0
