customer_id,recency,frequency,monetary,R_score,F_score,M_score,RFM_score,segment
CUST00001,209,1,42295.37,2,1,4,7,Potential Loyalists
CUST00002,63,2,8886.97,4,2,1,7,Potential Loyalists
CUST00003,222,4,97133.90000000001,2,4,5,11,Loyal Customers
CUST00004,221,2,59992.7,2,2,4,8,Potential Loyalists
CUST00005,247,4,57541.44,2,4,4,10,Loyal Customers
CUST00006,378,2,12964.9,1,2,2,5,At Risk
CUST00007,20,3,51458.17,5,3,4,12,Loyal Customers
CUST00008,30,4,42667.83,5,4,4,13,Champions
CUST00009,9,2,15624.61,5,2,2,9,Potential Loyalists
CUST00010,8,4,65565.31,5,4,4,13,Champions
CUST00011,97,3,10257.93,4,3,1,8,Potential Loyalists
CUST00012,211,2,48430.659999999996,2,2,4,8,Potential Loyalists
CUST00013,122,3,44362.67,3,3,4,10,Loyal Customers
CUST00014,211,2,26300.6,2,2,3,7,Potential Loyalists
CUST00016,75,3,14083.84,4,3,2,9,Potential Loyalists
CUST00017,138,2,38845.08,3,2,3,8,Potential Loyalists
CUST00018,48,3,23285.08,5,3,2,10,Loyal Customers
CUST00019,114,1,4606.09,3,1,1,5,At Risk
CUST00020,227,3,19280.02,2,3,2,7,Potential Loyalists
CUST00021,93,2,16497.260000000002,4,2,2,8,Potential Loyalists
CUST00022,218,1,611.13,2,1,1,4,Needs Attention
CUST00023,441,2,26672.800000000003,1,2,3,6,At Risk
CUST00024,178,4,28407.35,2,4,3,9,Potential Loyalists
CUST00025,413,2,10802.82,1,2,1,4,Needs Attention
CUST00026,453,1,2126.1,1,1,1,3,Needs Attention
CUST00027,363,2,24286.4,1,2,2,5,At Risk
CUST00028,399,2,27518.910000000003,1,2,3,6,At Risk
CUST00029,29,3,126837.6,5,3,5,13,Champions
CUST00030,88,2,34862.78,4,2,3,9,Potential Loyalists
CUST00031,270,1,2876.06,2,1,1,4,Needs Attention
CUST00032,37,4,37217.68,5,4,3,12,Loyal Customers
CUST00033,177,1,1966.24,3,1,1,5,At Risk
CUST00034,51,4,31734.36,4,4,3,11,Loyal Customers
CUST00035,38,3,46202.87,5,3,4,12,Loyal Customers
CUST00036,71,5,63736.79000000001,4,5,4,13,Champions
CUST00037,62,4,108047.81999999999,4,4,5,13,Champions
CUST00038,116,3,50701.21,3,3,4,10,Loyal Customers
CUST00039,220,5,44870.17,2,5,4,11,Loyal Customers
CUST00040,93,2,22893.39,4,2,2,8,Potential Loyalists
CUST00041,88,3,34984.18,4,3,3,10,Loyal Customers
CUST00042,358,2,10848.849999999999,1,2,1,4,Needs Attention
CUST00043,18,2,37032.71,5,2,3,10,Loyal Customers
CUST00044,6,4,80250.34,5,4,5,14,Champions
CUST00045,10,2,64755.99,5,2,4,11,Loyal Customers
CUST00046,42,2,57807.659999999996,5,2,4,11,Loyal Customers
CUST00047,120,3,29182.6,3,3,3,9,Potential Loyalists
CUST00048,251,1,2771.95,2,1,1,4,Needs Attention
CUST00049,494,2,27058.35,1,2,3,6,At Risk
CUST00050,382,2,10660.88,1,2,1,4,Needs Attention
CUST00051,262,4,87658.01000000001,2,4,5,11,Loyal Customers
CUST00052,76,2,13018.900000000001,4,2,2,8,Potential Loyalists
CUST00053,47,3,61305.3,5,3,4,12,Loyal Customers
CUST00054,52,3,23347.82,4,3,2,9,Potential Loyalists
CUST00055,46,6,154609.75,5,5,5,15,Champions
CUST00056,109,3,22106.41,3,3,2,8,Potential Loyalists
CUST00057,531,1,10866.17,1,1,1,3,Needs Attention
CUST00058,11,3,13649.289999999999,5,3,2,10,Loyal Customers
CUST00059,252,1,38364.26,2,1,3,6,At Risk
CUST00060,146,1,19346.43,3,1,2,6,At Risk
CUST00061,115,2,19842.44,3,2,2,7,Potential Loyalists
CUST00062,79,1,6576.01,4,1,1,6,At Risk
CUST00063,210,2,11637.95,2,2,2,6,At Risk
CUST00064,201,2,37857.44,2,2,3,7,Potential Loyalists
CUST00065,371,2,69744.18000000001,1,2,5,8,Potential Loyalists
CUST00066,397,2,20288.15,1,2,2,5,At Risk
CUST00067,326,1,14376.31,1,1,2,4,Needs Attention
CUST00069,377,3,32111.699999999997,1,3,3,7,Potential Loyalists
CUST00070,60,3,39473.95,4,3,3,10,Loyal Customers
CUST00071,174,2,33013.11,3,2,3,8,Potential Loyalists
CUST00072,313,3,11389.939999999999,1,3,2,6,At Risk
CUST00073,301,4,69650.23000000001,1,4,5,10,Loyal Customers
CUST00074,15,1,13063.95,5,1,2,8,Potential Loyalists
CUST00075,45,3,25703.9,5,3,3,11,Loyal Customers
CUST00076,193,2,20298.75,2,2,2,6,At Risk
CUST00077,24,7,64391.200000000004,5,5,4,14,Champions
CUST00078,381,2,11394.57,1,2,2,5,At Risk
CUST00079,59,3,47882.44,4,3,4,11,Loyal Customers
CUST00080,57,3,70818.58,4,3,5,12,Loyal Customers
CUST00081,481,1,637.0,1,1,1,3,Needs Attention
CUST00082,34,2,18994.78,5,2,2,9,Potential Loyalists
CUST00083,142,3,41823.33,3,3,4,10,Loyal Customers
CUST00084,61,1,23112.61,4,1,2,7,Potential Loyalists
CUST00085,135,3,72544.9,3,3,5,11,Loyal Customers
CUST00086,288,2,10764.58,2,2,1,5,At Risk
CUST00087,77,3,52295.94,4,3,4,11,Loyal Customers
CUST00088,338,2,11157.23,1,2,1,4,Needs Attention
CUST00089,87,2,19599.32,4,2,2,8,Potential Loyalists
CUST00090,457,2,6873.6,1,2,1,4,Needs Attention
CUST00091,452,1,4894.12,1,1,1,3,Needs Attention
CUST00092,108,3,29673.53,3,3,3,9,Potential Loyalists
CUST00093,323,3,75282.18,1,3,5,9,Potential Loyalists
CUST00094,44,2,12283.44,5,2,2,9,Potential Loyalists
CUST00095,374,3,59455.14,1,3,4,8,Potential Loyalists
CUST00096,314,2,18232.989999999998,1,2,2,5,At Risk
CUST00097,116,6,161744.52000000002,3,5,5,13,Champions
CUST00098,72,1,10207.53,4,1,1,6,At Risk
CUST00099,345,1,23507.24,1,1,2,4,Needs Attention
CUST00100,157,5,84393.72,3,5,5,13,Champions
CUST00102,33,3,22931.230000000003,5,3,2,10,Loyal Customers
CUST00103,24,5,118585.18,5,5,5,15,Champions
CUST00104,144,1,17098.7,3,1,2,6,At Risk
CUST00106,2,5,74651.61,5,5,5,15,Champions
CUST00108,104,4,130406.83,3,4,5,12,Loyal Customers
CUST00109,30,1,8649.01,5,1,1,7,Potential Loyalists
CUST00111,412,2,14141.130000000001,1,2,2,5,At Risk
CUST00112,102,3,19137.61,3,3,2,8,Potential Loyalists
CUST00113,73,4,55871.07,4,4,4,12,Loyal Customers
CUST00114,385,2,25298.64,1,2,3,6,At Risk
CUST00115,200,3,34677.8,2,3,3,8,Potential Loyalists
CUST00116,113,1,19052.79,3,1,2,6,At Risk
CUST00117,48,6,83311.9,5,5,5,15,Champions
CUST00118,322,2,32785.64,1,2,3,6,At Risk
CUST00119,183,1,18697.52,2,1,2,5,At Risk
CUST00120,8,1,4962.61,5,1,1,7,Potential Loyalists
CUST00121,466,1,4395.97,1,1,1,3,Needs Attention
CUST00122,160,2,49658.53,3,2,4,9,Potential Loyalists
CUST00123,11,2,15839.79,5,2,2,9,Potential Loyalists
CUST00125,163,3,23006.85,3,3,2,8,Potential Loyalists
CUST00126,21,4,76255.74,5,4,5,14,Champions
CUST00127,360,1,3577.48,1,1,1,3,Needs Attention
CUST00128,312,1,27445.15,1,1,3,5,At Risk
CUST00129,389,3,47191.34,1,3,4,8,Potential Loyalists
CUST00131,130,3,46697.76,3,3,4,10,Loyal Customers
CUST00133,162,3,25007.299999999996,3,3,3,9,Potential Loyalists
CUST00134,247,3,25639.66,2,3,3,8,Potential Loyalists
CUST00135,141,6,51826.75,3,5,4,12,Loyal Customers
CUST00136,16,3,165457.19,5,3,5,13,Champions
CUST00137,398,1,14809.78,1,1,2,4,Needs Attention
CUST00138,294,1,8019.3,2,1,1,4,Needs Attention
CUST00140,182,1,6891.74,2,1,1,4,Needs Attention
CUST00141,125,1,1042.49,3,1,1,5,At Risk
CUST00142,315,2,10997.17,1,2,1,4,Needs Attention
CUST00143,54,4,63143.9,4,4,4,12,Loyal Customers
CUST00144,230,5,46218.76,2,5,4,11,Loyal Customers
CUST00145,167,2,17610.190000000002,3,2,2,7,Potential Loyalists
CUST00146,68,1,11413.5,4,1,2,7,Potential Loyalists
CUST00147,5,4,90302.64,5,4,5,14,Champions
CUST00148,37,7,109110.75,5,5,5,15,Champions
CUST00149,250,3,34167.149999999994,2,3,3,8,Potential Loyalists
CUST00150,381,2,24596.05,1,2,3,6,At Risk
CUST00151,47,1,8745.62,5,1,1,7,Potential Loyalists
CUST00152,351,1,38335.82,1,1,3,5,At Risk
CUST00155,106,2,16688.0,3,2,2,7,Potential Loyalists
CUST00157,163,1,11510.51,3,1,2,6,At Risk
CUST00158,165,4,25413.64,3,4,3,10,Loyal Customers
CUST00159,463,1,1281.0,1,1,1,3,Needs Attention
CUST00160,534,1,2421.72,1,1,1,3,Needs Attention
CUST00161,337,3,34514.55,1,3,3,7,Potential Loyalists
CUST00162,53,3,40679.770000000004,4,3,4,11,Loyal Customers
CUST00163,156,5,85559.15,3,5,5,13,Champions
CUST00164,102,5,43537.950000000004,3,5,4,12,Loyal Customers
CUST00165,15,4,26993.590000000004,5,4,3,12,Loyal Customers
CUST00166,155,4,26904.72,3,4,3,10,Loyal Customers
CUST00167,47,4,78702.47,5,4,5,14,Champions
CUST00168,473,1,5924.06,1,1,1,3,Needs Attention
CUST00170,60,4,17244.64,4,4,2,10,Loyal Customers
CUST00171,10,4,85459.54999999999,5,4,5,14,Champions
CUST00172,81,4,25396.3,4,4,3,11,Loyal Customers
CUST00173,161,1,9564.46,3,1,1,5,At Risk
CUST00175,29,4,103647.5,5,4,5,14,Champions
CUST00176,13,1,3584.5,5,1,1,7,Potential Loyalists
CUST00177,216,2,16736.57,2,2,2,6,At Risk
CUST00178,203,3,26251.47,2,3,3,8,Potential Loyalists
CUST00179,91,1,3428.45,4,1,1,6,At Risk
CUST00180,203,2,19155.289999999997,2,2,2,6,At Risk
CUST00181,77,3,8665.0,4,3,1,8,Potential Loyalists
CUST00182,50,2,9659.630000000001,4,2,1,7,Potential Loyalists
CUST00183,308,1,37125.9,1,1,3,5,At Risk
CUST00184,122,2,72432.05,3,2,5,10,Loyal Customers
CUST00185,168,4,26873.87,3,4,3,10,Loyal Customers
CUST00187,155,4,48637.62,3,4,4,11,Loyal Customers
CUST00188,27,6,69051.0,5,5,5,15,Champions
CUST00189,127,4,26506.26,3,4,3,10,Loyal Customers
CUST00190,67,3,77017.68000000001,4,3,5,12,Loyal Customers
CUST00191,30,2,18476.3,5,2,2,9,Potential Loyalists
CUST00192,248,4,41196.43,2,4,4,10,Loyal Customers
CUST00194,121,2,19678.57,3,2,2,7,Potential Loyalists
CUST00196,104,4,68925.54,3,4,5,12,Loyal Customers
CUST00197,8,1,48340.67,5,1,4,10,Loyal Customers
CUST00198,17,2,25912.82,5,2,3,10,Loyal Customers
CUST00199,275,3,28663.08,2,3,3,8,Potential Loyalists
CUST00200,39,2,58875.41,5,2,4,11,Loyal Customers
CUST00201,26,6,129090.95999999999,5,5,5,15,Champions
CUST00202,169,4,58097.119999999995,3,4,4,11,Loyal Customers
CUST00203,127,5,104102.20999999999,3,5,5,13,Champions
CUST00204,42,2,3281.5699999999997,5,2,1,8,Potential Loyalists
CUST00205,229,1,2414.58,2,1,1,4,Needs Attention
CUST00206,2,4,11166.83,5,4,1,10,Loyal Customers
CUST00208,43,3,17742.350000000002,5,3,2,10,Loyal Customers
CUST00210,74,2,26536.58,4,2,3,9,Potential Loyalists
CUST00212,251,3,38702.520000000004,2,3,3,8,Potential Loyalists
CUST00213,422,2,7767.83,1,2,1,4,Needs Attention
CUST00214,36,2,15195.08,5,2,2,9,Potential Loyalists
CUST00215,94,6,58304.11,4,5,4,13,Champions
CUST00216,472,1,23386.49,1,1,2,4,Needs Attention
CUST00217,48,3,19844.46,5,3,2,10,Loyal Customers
CUST00218,138,4,53931.69,3,4,4,11,Loyal Customers
CUST00219,67,2,9610.25,4,2,1,7,Potential Loyalists
CUST00220,9,4,105185.31,5,4,5,14,Champions
CUST00221,14,4,129767.72,5,4,5,14,Champions
CUST00222,63,2,57374.36,4,2,4,10,Loyal Customers
CUST00223,314,2,4121.37,1,2,1,4,Needs Attention
CUST00224,194,2,15174.35,2,2,2,6,At Risk
CUST00225,298,1,1329.37,2,1,1,4,Needs Attention
CUST00226,9,5,48682.41,5,5,4,14,Champions
CUST00228,82,3,34355.47,4,3,3,10,Loyal Customers
CUST00229,97,7,128368.76999999999,4,5,5,14,Champions
CUST00230,152,3,21229.66,3,3,2,8,Potential Loyalists
CUST00231,326,1,35905.47,1,1,3,5,At Risk
CUST00232,394,2,31506.97,1,2,3,6,At Risk
CUST00233,34,2,86420.97,5,2,5,12,Loyal Customers
CUST00234,56,3,77372.33,4,3,5,12,Loyal Customers
CUST00235,20,5,57279.49,5,5,4,14,Champions
CUST00236,15,6,65902.41,5,5,4,14,Champions
CUST00237,58,2,11389.650000000001,4,2,2,8,Potential Loyalists
CUST00238,57,2,37148.31,4,2,3,9,Potential Loyalists
CUST00239,47,3,61051.5,5,3,4,12,Loyal Customers
CUST00240,82,2,23787.01,4,2,2,8,Potential Loyalists
CUST00241,260,1,18585.06,2,1,2,5,At Risk
CUST00242,403,2,15544.16,1,2,2,5,At Risk
CUST00244,96,1,7840.18,4,1,1,6,At Risk
CUST00245,152,4,53725.81,3,4,4,11,Loyal Customers
CUST00246,7,3,24071.54,5,3,2,10,Loyal Customers
CUST00247,407,3,61446.649999999994,1,3,4,8,Potential Loyalists
CUST00248,2,1,45854.57,5,1,4,10,Loyal Customers
CUST00249,39,6,147987.94,5,5,5,15,Champions
CUST00250,198,3,40323.19,2,3,4,9,Potential Loyalists
CUST00251,513,2,20553.35,1,2,2,5,At Risk
CUST00252,452,1,3139.72,1,1,1,3,Needs Attention
CUST00253,37,3,74675.67,5,3,5,13,Champions
CUST00254,11,3,70841.25,5,3,5,13,Champions
CUST00255,200,2,34538.350000000006,2,2,3,7,Potential Loyalists
CUST00256,180,4,84573.11,2,4,5,11,Loyal Customers
CUST00257,459,2,18371.89,1,2,2,5,At Risk
CUST00258,46,2,12545.76,5,2,2,9,Potential Loyalists
CUST00259,301,1,13080.44,1,1,2,4,Needs Attention
CUST00260,360,4,87301.82,1,4,5,10,Loyal Customers
CUST00261,178,3,15478.16,2,3,2,7,Potential Loyalists
CUST00262,72,3,67884.61,4,3,4,11,Loyal Customers
CUST00263,122,3,12389.41,3,3,2,8,Potential Loyalists
CUST00264,245,2,27446.120000000003,2,2,3,7,Potential Loyalists
CUST00265,154,4,56967.7,3,4,4,11,Loyal Customers
CUST00266,322,2,12415.77,1,2,2,5,At Risk
CUST00267,56,2,47476.28,4,2,4,10,Loyal Customers
CUST00268,121,4,57055.5,3,4,4,11,Loyal Customers
CUST00269,451,2,49738.72,1,2,4,7,Potential Loyalists
CUST00271,52,5,129455.38,4,5,5,14,Champions
CUST00272,307,2,29735.699999999997,1,2,3,6,At Risk
CUST00273,299,2,15228.26,2,2,2,6,At Risk
CUST00274,544,1,7262.19,1,1,1,3,Needs Attention
CUST00275,138,3,98975.32,3,3,5,11,Loyal Customers
CUST00276,166,2,33974.56,3,2,3,8,Potential Loyalists
CUST00277,353,2,11165.66,1,2,1,4,Needs Attention
CUST00278,178,5,87161.43,2,5,5,12,Loyal Customers
CUST00279,56,1,8207.56,4,1,1,6,At Risk
CUST00280,141,2,3143.3,3,2,1,6,At Risk
CUST00281,21,3,73564.48,5,3,5,13,Champions
CUST00282,3,6,90531.17,5,5,5,15,Champions
CUST00283,1,3,121558.93,5,3,5,13,Champions
CUST00284,57,5,101341.47,4,5,5,14,Champions
CUST00285,20,1,2683.84,5,1,1,7,Potential Loyalists
CUST00287,25,4,34060.29,5,4,3,12,Loyal Customers
CUST00288,61,2,36795.11,4,2,3,9,Potential Loyalists
CUST00289,269,1,3788.07,2,1,1,4,Needs Attention
CUST00290,8,3,47885.99,5,3,4,12,Loyal Customers
CUST00292,318,1,18601.13,1,1,2,4,Needs Attention
CUST00293,107,3,23814.239999999998,3,3,2,8,Potential Loyalists
CUST00294,273,3,12544.14,2,3,2,7,Potential Loyalists
CUST00295,211,2,94593.58,2,2,5,9,Potential Loyalists
CUST00296,67,4,151825.93,4,4,5,13,Champions
CUST00297,29,8,91843.79000000001,5,5,5,15,Champions
CUST00298,49,6,79756.48,4,5,5,14,Champions
CUST00299,247,4,70931.18000000001,2,4,5,11,Loyal Customers
CUST00300,62,3,21248.8,4,3,2,9,Potential Loyalists
CUST00301,56,4,18178.1,4,4,2,10,Loyal Customers
CUST00302,333,3,125202.85,1,3,5,9,Potential Loyalists
CUST00303,114,2,68183.05,3,2,5,10,Loyal Customers
CUST00304,101,2,39062.2,4,2,3,9,Potential Loyalists
CUST00305,260,4,32195.21,2,4,3,9,Potential Loyalists
CUST00306,22,3,19741.9,5,3,2,10,Loyal Customers
CUST00307,18,2,6505.21,5,2,1,8,Potential Loyalists
CUST00308,101,1,8812.92,3,1,1,5,At Risk
CUST00309,378,2,29366.95,1,2,3,6,At Risk
CUST00311,26,3,33728.61,5,3,3,11,Loyal Customers
CUST00312,73,3,78673.1,4,3,5,12,Loyal Customers
CUST00313,37,2,34398.83,5,2,3,10,Loyal Customers
CUST00314,33,2,15379.61,5,2,2,9,Potential Loyalists
CUST00315,507,1,6571.56,1,1,1,3,Needs Attention
CUST00316,26,3,103703.54000000001,5,3,5,13,Champions
CUST00317,128,2,19250.19,3,2,2,7,Potential Loyalists
CUST00318,8,2,12649.92,5,2,2,9,Potential Loyalists
CUST00319,89,7,223128.01,4,5,5,14,Champions
CUST00320,80,2,20717.32,4,2,2,8,Potential Loyalists
CUST00321,99,4,29711.21,4,4,3,11,Loyal Customers
CUST00322,249,2,7200.1900000000005,2,2,1,5,At Risk
CUST00324,60,7,138722.1,4,5,5,14,Champions
CUST00325,249,1,55188.15,2,1,4,7,Potential Loyalists
CUST00326,527,1,12945.49,1,1,2,4,Needs Attention
CUST00327,6,3,18478.98,5,3,2,10,Loyal Customers
CUST00328,19,4,17754.97,5,4,2,11,Loyal Customers
CUST00329,56,3,10004.23,4,3,1,8,Potential Loyalists
CUST00330,156,1,2311.87,3,1,1,5,At Risk
CUST00331,83,2,22694.18,4,2,2,8,Potential Loyalists
CUST00332,83,6,66878.99,4,5,4,13,Champions
CUST00333,213,4,32006.149999999998,2,4,3,9,Potential Loyalists
CUST00334,37,2,26663.02,5,2,3,10,Loyal Customers
CUST00335,428,1,24664.72,1,1,3,5,At Risk
CUST00336,46,4,29497.89,5,4,3,12,Loyal Customers
CUST00337,8,4,45276.71,5,4,4,13,Champions
CUST00338,89,4,51282.81,4,4,4,12,Loyal Customers
CUST00339,257,1,2775.76,2,1,1,4,Needs Attention
CUST00340,74,5,100454.51999999999,4,5,5,14,Champions
CUST00341,529,1,31773.03,1,1,3,5,At Risk
CUST00343,28,6,66163.75,5,5,4,14,Champions
CUST00344,95,2,9476.169999999998,4,2,1,7,Potential Loyalists
CUST00345,368,4,78822.29000000001,1,4,5,10,Loyal Customers
CUST00346,297,2,92472.69,2,2,5,9,Potential Loyalists
CUST00347,345,1,27178.73,1,1,3,5,At Risk
CUST00348,277,2,10123.720000000001,2,2,1,5,At Risk
CUST00350,290,2,4502.46,2,2,1,5,At Risk
CUST00351,468,1,1799.56,1,1,1,3,Needs Attention
CUST00352,163,3,91405.28,3,3,5,11,Loyal Customers
CUST00353,266,1,10398.17,2,1,1,4,Needs Attention
CUST00354,132,4,27307.010000000002,3,4,3,10,Loyal Customers
CUST00356,139,2,19131.379999999997,3,2,2,7,Potential Loyalists
CUST00357,267,1,3772.49,2,1,1,4,Needs Attention
CUST00358,220,3,106661.36,2,3,5,10,Loyal Customers
CUST00359,216,3,13345.76,2,3,2,7,Potential Loyalists
CUST00360,159,3,102241.54,3,3,5,11,Loyal Customers
CUST00361,408,3,49140.06,1,3,4,8,Potential Loyalists
CUST00362,382,1,4491.25,1,1,1,3,Needs Attention
CUST00363,489,1,4231.2,1,1,1,3,Needs Attention
CUST00364,159,5,28922.96,3,5,3,11,Loyal Customers
CUST00365,96,3,37825.22,4,3,3,10,Loyal Customers
CUST00366,118,2,6423.57,3,2,1,6,At Risk
CUST00367,84,5,34135.6,4,5,3,12,Loyal Customers
CUST00369,12,2,22824.64,5,2,2,9,Potential Loyalists
CUST00370,303,3,13600.119999999999,1,3,2,6,At Risk
CUST00371,188,2,12812.529999999999,2,2,2,6,At Risk
CUST00373,460,1,7783.94,1,1,1,3,Needs Attention
CUST00374,233,1,2997.74,2,1,1,4,Needs Attention
CUST00376,351,1,26922.46,1,1,3,5,At Risk
CUST00377,41,2,34185.08,5,2,3,10,Loyal Customers
CUST00378,176,1,15753.02,3,1,2,6,At Risk
CUST00379,78,2,15649.29,4,2,2,8,Potential Loyalists
CUST00380,9,5,87010.67,5,5,5,15,Champions
CUST00381,80,3,34910.22,4,3,3,10,Loyal Customers
CUST00382,157,4,42671.63,3,4,4,11,Loyal Customers
CUST00383,416,1,9301.26,1,1,1,3,Needs Attention
CUST00384,33,5,49496.64,5,5,4,14,Champions
CUST00385,214,3,43421.18,2,3,4,9,Potential Loyalists
CUST00386,54,5,92176.82,4,5,5,14,Champions
CUST00388,101,2,20385.08,3,2,2,7,Potential Loyalists
CUST00389,99,4,30700.42,4,4,3,11,Loyal Customers
CUST00390,147,1,15276.14,3,1,2,6,At Risk
CUST00391,2,4,90981.45000000001,5,4,5,14,Champions
CUST00392,462,1,102541.85,1,1,5,7,Potential Loyalists
CUST00393,316,3,28719.67,1,3,3,7,Potential Loyalists
CUST00394,293,2,10850.24,2,2,1,5,At Risk
CUST00395,85,4,26869.62,4,4,3,11,Loyal Customers
CUST00396,134,3,37959.08,3,3,3,9,Potential Loyalists
CUST00397,277,1,1470.62,2,1,1,4,Needs Attention
CUST00398,204,1,9299.7,2,1,1,4,Needs Attention
CUST00400,86,4,73816.72,4,4,5,13,Champions
CUST00401,388,1,1867.16,1,1,1,3,Needs Attention
CUST00402,354,4,49864.34,1,4,4,9,Potential Loyalists
CUST00403,19,5,69728.36,5,5,5,15,Champions
CUST00404,63,5,134574.33000000002,4,5,5,14,Champions
CUST00405,314,2,55704.799999999996,1,2,4,7,Potential Loyalists
CUST00406,19,2,23678.29,5,2,2,9,Potential Loyalists
CUST00407,2,3,24759.42,5,3,3,11,Loyal Customers
CUST00408,8,4,75309.23000000001,5,4,5,14,Champions
CUST00409,107,5,228679.18,3,5,5,13,Champions
CUST00410,322,1,10972.6,1,1,1,3,Needs Attention
CUST00412,220,3,29031.13,2,3,3,8,Potential Loyalists
CUST00413,128,2,10862.63,3,2,1,6,At Risk
CUST00414,2,5,43872.05,5,5,4,14,Champions
CUST00415,85,2,80244.11,4,2,5,11,Loyal Customers
CUST00416,209,3,47109.380000000005,2,3,4,9,Potential Loyalists
CUST00417,366,5,75163.2,1,5,5,11,Loyal Customers
CUST00418,140,2,55876.600000000006,3,2,4,9,Potential Loyalists
CUST00419,38,2,59525.990000000005,5,2,4,11,Loyal Customers
CUST00420,39,1,35876.38,5,1,3,9,Potential Loyalists
CUST00421,244,1,9496.02,2,1,1,4,Needs Attention
CUST00422,397,1,11746.95,1,1,2,4,Needs Attention
CUST00423,330,1,34218.35,1,1,3,5,At Risk
CUST00424,436,1,1387.09,1,1,1,3,Needs Attention
CUST00425,57,3,93334.5,4,3,5,12,Loyal Customers
CUST00426,33,2,44001.29,5,2,4,11,Loyal Customers
CUST00427,248,3,28111.410000000003,2,3,3,8,Potential Loyalists
CUST00428,128,5,22542.059999999998,3,5,2,10,Loyal Customers
CUST00429,332,2,28225.68,1,2,3,6,At Risk
CUST00430,245,5,58659.02999999999,2,5,4,11,Loyal Customers
CUST00431,23,2,25486.18,5,2,3,10,Loyal Customers
CUST00433,70,3,34187.979999999996,4,3,3,10,Loyal Customers
CUST00434,275,3,11866.91,2,3,2,7,Potential Loyalists
CUST00436,421,1,8587.96,1,1,1,3,Needs Attention
CUST00437,68,3,9543.210000000001,4,3,1,8,Potential Loyalists
CUST00438,68,2,41863.22,4,2,4,10,Loyal Customers
CUST00439,270,3,48379.93,2,3,4,9,Potential Loyalists
CUST00440,262,1,9533.26,2,1,1,4,Needs Attention
CUST00441,69,4,18757.760000000002,4,4,2,10,Loyal Customers
CUST00442,237,3,79098.34,2,3,5,10,Loyal Customers
CUST00445,143,2,27796.96,3,2,3,8,Potential Loyalists
CUST00447,460,2,60715.29,1,2,4,7,Potential Loyalists
CUST00448,49,6,83828.43,4,5,5,14,Champions
CUST00449,197,4,39672.979999999996,2,4,3,9,Potential Loyalists
CUST00451,81,2,64774.04,4,2,4,10,Loyal Customers
CUST00452,391,2,43117.25,1,2,4,7,Potential Loyalists
CUST00453,33,3,63502.38,5,3,4,12,Loyal Customers
CUST00455,345,3,40972.509999999995,1,3,4,8,Potential Loyalists
CUST00456,434,2,81665.92,1,2,5,8,Potential Loyalists
CUST00457,210,2,39184.009999999995,2,2,3,7,Potential Loyalists
CUST00458,38,3,49928.47,5,3,4,12,Loyal Customers
CUST00459,88,4,68425.41,4,4,5,13,Champions
CUST00460,13,2,22004.260000000002,5,2,2,9,Potential Loyalists
CUST00461,173,2,70575.15,3,2,5,10,Loyal Customers
CUST00462,250,3,12781.0,2,3,2,7,Potential Loyalists
CUST00463,36,2,14422.439999999999,5,2,2,9,Potential Loyalists
CUST00464,27,6,56256.27,5,5,4,14,Champions
CUST00465,65,2,52320.17,4,2,4,10,Loyal Customers
CUST00466,152,3,18594.35,3,3,2,8,Potential Loyalists
CUST00467,82,2,46668.12,4,2,4,10,Loyal Customers
CUST00468,116,4,13276.130000000001,3,4,2,9,Potential Loyalists
CUST00469,98,6,57897.62,4,5,4,13,Champions
CUST00470,275,4,28967.199999999997,2,4,3,9,Potential Loyalists
CUST00471,60,4,60723.74,4,4,4,12,Loyal Customers
CUST00472,126,4,30231.28,3,4,3,10,Loyal Customers
CUST00473,253,3,92156.87,2,3,5,10,Loyal Customers
CUST00474,36,4,30363.84,5,5,3,13,Champions
CUST00475,266,2,21974.24,2,2,2,6,At Risk
CUST00476,219,2,17180.13,2,2,2,6,At Risk
CUST00477,420,1,1406.88,1,1,1,3,Needs Attention
CUST00478,197,3,49632.43,2,3,4,9,Potential Loyalists
CUST00479,130,2,53024.42999999999,3,2,4,9,Potential Loyalists
CUST00481,214,2,14465.82,2,2,2,6,At Risk
CUST00482,387,2,93884.22,1,2,5,8,Potential Loyalists
CUST00483,62,2,19381.489999999998,4,2,2,8,Potential Loyalists
CUST00484,250,2,80810.84999999999,2,2,5,9,Potential Loyalists
CUST00485,26,5,76636.06,5,5,5,15,Champions
CUST00486,43,2,28075.76,5,2,3,10,Loyal Customers
CUST00487,241,5,78498.95999999999,2,5,5,12,Loyal Customers
CUST00488,24,3,49341.53,5,3,4,12,Loyal Customers
CUST00490,25,4,34771.880000000005,5,5,3,13,Champions
CUST00491,320,1,17198.7,1,1,2,4,Needs Attention
CUST00492,286,2,38370.899999999994,2,2,3,7,Potential Loyalists
CUST00493,83,1,665.91,4,1,1,6,At Risk
CUST00494,262,4,61018.84,2,5,4,11,Loyal Customers
CUST00495,27,4,37120.06,5,5,3,13,Champions
CUST00496,98,5,126398.97,4,5,5,14,Champions
CUST00497,454,3,73313.67,1,3,5,9,Potential Loyalists
CUST00498,154,3,33516.19,3,3,3,9,Potential Loyalists
CUST00499,478,1,1888.98,1,1,1,3,Needs Attention
CUST00502,539,1,3075.36,1,1,1,3,Needs Attention
CUST00503,131,2,5960.71,3,2,1,6,At Risk
CUST00504,7,6,72100.43000000001,5,5,5,15,Champions
CUST00505,403,1,59338.96,1,1,4,6,At Risk
CUST00506,24,6,34082.6,5,5,3,13,Champions
CUST00507,487,1,574.34,1,1,1,3,Needs Attention
CUST00508,502,1,3389.01,1,1,1,3,Needs Attention
CUST00509,17,1,15065.42,5,1,2,8,Potential Loyalists
CUST00510,66,3,8229.86,4,3,1,8,Potential Loyalists
CUST00511,52,3,46043.55,4,3,4,11,Loyal Customers
CUST00513,56,6,126503.23999999999,4,5,5,14,Champions
CUST00514,70,1,25026.61,4,1,3,8,Potential Loyalists
CUST00515,377,1,8659.52,1,1,1,3,Needs Attention
CUST00516,158,1,15053.45,3,1,2,6,At Risk
CUST00517,49,2,13891.61,4,2,2,8,Potential Loyalists
CUST00518,60,2,63132.94,4,2,4,10,Loyal Customers
CUST00520,79,5,74508.04000000001,4,5,5,14,Champions
CUST00521,513,1,20279.1,1,1,2,4,Needs Attention
CUST00523,46,1,3662.5,5,1,1,7,Potential Loyalists
CUST00524,127,2,68699.31,3,2,5,10,Loyal Customers
CUST00526,63,3,52283.759999999995,4,3,4,11,Loyal Customers
CUST00527,36,2,75580.45999999999,5,2,5,12,Loyal Customers
CUST00529,386,2,79932.1,1,2,5,8,Potential Loyalists
CUST00530,415,1,19616.62,1,1,2,4,Needs Attention
CUST00531,316,1,24564.11,1,1,3,5,At Risk
CUST00533,130,1,1101.44,3,1,1,5,At Risk
CUST00534,479,1,2158.27,1,1,1,3,Needs Attention
CUST00535,436,2,42744.78,1,2,4,7,Potential Loyalists
CUST00536,37,4,22440.940000000002,5,5,2,12,Loyal Customers
CUST00537,31,1,715.48,5,1,1,7,Potential Loyalists
CUST00538,12,4,30834.27,5,5,3,13,Champions
CUST00539,280,2,64203.909999999996,2,2,4,8,Potential Loyalists
CUST00540,78,3,21624.24,4,3,2,9,Potential Loyalists
CUST00541,167,2,87783.84,3,2,5,10,Loyal Customers
CUST00542,369,1,2633.38,1,1,1,3,Needs Attention
CUST00543,1,5,113266.59,5,5,5,15,Champions
CUST00544,25,4,124781.93,5,5,5,15,Champions
CUST00545,70,3,39789.869999999995,4,3,4,11,Loyal Customers
CUST00546,75,4,55365.1,4,5,4,13,Champions
CUST00547,1,3,38670.29,5,3,3,11,Loyal Customers
CUST00548,75,3,54922.22,4,3,4,11,Loyal Customers
CUST00550,64,2,27228.100000000002,4,2,3,9,Potential Loyalists
CUST00551,85,4,86358.04000000001,4,5,5,14,Champions
CUST00552,114,3,31745.97,3,3,3,9,Potential Loyalists
CUST00553,71,4,133114.77,4,5,5,14,Champions
CUST00554,31,4,23053.08,5,5,2,12,Loyal Customers
CUST00556,116,1,3807.66,3,1,1,5,At Risk
CUST00557,186,2,31612.57,2,2,3,7,Potential Loyalists
CUST00558,45,4,54133.14,5,5,4,14,Champions
CUST00559,104,5,20156.68,3,5,2,10,Loyal Customers
CUST00560,162,3,27949.11,3,3,3,9,Potential Loyalists
CUST00561,2,3,88295.51000000001,5,3,5,13,Champions
CUST00562,225,2,16714.52,2,2,2,6,At Risk
CUST00563,61,2,17022.95,4,2,2,8,Potential Loyalists
CUST00564,118,1,1020.21,3,1,1,5,At Risk
CUST00565,312,4,16175.47,1,5,2,8,Potential Loyalists
CUST00566,42,2,34955.47,5,2,3,10,Loyal Customers
CUST00567,51,3,11952.49,4,3,2,9,Potential Loyalists
CUST00568,201,1,3277.5,2,1,1,4,Needs Attention
CUST00569,156,2,19850.82,3,2,2,7,Potential Loyalists
CUST00570,19,5,49812.67,5,5,4,14,Champions
CUST00571,166,3,27967.9,3,3,3,9,Potential Loyalists
CUST00572,172,3,62669.33,3,3,4,10,Loyal Customers
CUST00573,96,2,6759.120000000001,4,2,1,7,Potential Loyalists
CUST00574,330,1,33896.07,1,1,3,5,At Risk
CUST00575,320,3,36324.49,1,3,3,7,Potential Loyalists
CUST00576,377,3,23769.059999999998,1,3,2,6,At Risk
CUST00578,5,4,48840.990000000005,5,5,4,14,Champions
CUST00580,11,2,8102.25,5,2,1,8,Potential Loyalists
CUST00581,57,3,32193.660000000003,4,3,3,10,Loyal Customers
CUST00582,501,1,3597.07,1,1,1,3,Needs Attention
CUST00583,301,3,24504.93,1,3,3,7,Potential Loyalists
CUST00584,313,1,45855.91,1,1,4,6,At Risk
CUST00585,156,3,85125.23999999999,3,3,5,11,Loyal Customers
CUST00587,35,2,49176.77,5,2,4,11,Loyal Customers
CUST00588,191,2,56879.52,2,2,4,8,Potential Loyalists
CUST00589,73,3,108019.72,4,3,5,12,Loyal Customers
CUST00590,131,4,64187.55,3,5,4,12,Loyal Customers
CUST00591,1,5,33377.79,5,5,3,13,Champions
CUST00592,170,3,20265.97,3,3,2,8,Potential Loyalists
CUST00593,504,1,56456.89,1,1,4,6,At Risk
CUST00594,215,1,3663.11,2,1,1,4,Needs Attention
CUST00595,51,1,16694.54,4,1,2,7,Potential Loyalists
CUST00596,223,2,5682.04,2,2,1,5,At Risk
CUST00597,275,1,11042.53,2,1,1,4,Needs Attention
CUST00598,239,2,91250.07,2,2,5,9,Potential Loyalists
CUST00599,150,6,144320.58,3,5,5,13,Champions
CUST00602,436,2,38523.48,1,2,3,6,At Risk
CUST00603,39,3,34749.520000000004,5,3,3,11,Loyal Customers
CUST00604,137,2,66099.31,3,2,4,9,Potential Loyalists
CUST00605,86,2,37690.92,4,2,3,9,Potential Loyalists
CUST00607,110,3,45844.67,3,3,4,10,Loyal Customers
CUST00608,52,3,16433.2,4,3,2,9,Potential Loyalists
CUST00609,214,1,9503.42,2,1,1,4,Needs Attention
CUST00610,138,4,96286.01,3,5,5,13,Champions
CUST00611,317,1,26583.97,1,1,3,5,At Risk
CUST00612,121,2,35214.94,3,2,3,8,Potential Loyalists
CUST00613,112,2,18030.620000000003,3,2,2,7,Potential Loyalists
CUST00614,204,5,129236.84,2,5,5,12,Loyal Customers
CUST00615,167,2,8786.17,3,2,1,6,At Risk
CUST00616,505,2,27058.25,1,2,3,6,At Risk
CUST00617,61,3,20065.44,4,3,2,9,Potential Loyalists
CUST00618,41,3,38111.89,5,3,3,11,Loyal Customers
CUST00619,247,2,9982.17,2,2,1,5,At Risk
CUST00620,30,1,4334.55,5,1,1,7,Potential Loyalists
CUST00622,327,1,9771.98,1,1,1,3,Needs Attention
CUST00623,112,2,40156.85,3,2,4,9,Potential Loyalists
CUST00624,150,3,107913.34,3,3,5,11,Loyal Customers
CUST00625,236,1,3402.25,2,1,1,4,Needs Attention
CUST00626,5,4,56484.99,5,5,4,14,Champions
CUST00627,82,4,43351.2,4,5,4,13,Champions
CUST00629,163,2,52532.630000000005,3,2,4,9,Potential Loyalists
CUST00630,93,2,25629.079999999998,4,2,3,9,Potential Loyalists
CUST00631,205,3,50560.259999999995,2,3,4,9,Potential Loyalists
CUST00632,338,2,11027.25,1,2,1,4,Needs Attention
CUST00633,13,3,49233.43,5,3,4,12,Loyal Customers
CUST00634,48,2,5771.97,5,2,1,8,Potential Loyalists
CUST00635,185,3,80763.47,2,3,5,10,Loyal Customers
CUST00636,67,1,10613.12,4,1,1,6,At Risk
CUST00637,84,2,20152.77,4,2,2,8,Potential Loyalists
CUST00638,452,1,4237.19,1,1,1,3,Needs Attention
CUST00639,13,3,19142.53,5,3,2,10,Loyal Customers
CUST00641,85,3,43216.08,4,3,4,11,Loyal Customers
CUST00643,2,4,83253.03,5,5,5,15,Champions
CUST00645,212,3,15627.460000000001,2,4,2,8,Potential Loyalists
CUST00646,318,1,12284.19,1,1,2,4,Needs Attention
CUST00647,109,1,1321.73,3,1,1,5,At Risk
CUST00648,444,2,85587.76,1,2,5,8,Potential Loyalists
CUST00649,311,2,41388.96,1,2,4,7,Potential Loyalists
CUST00650,150,1,2089.32,3,1,1,5,At Risk
CUST00651,84,2,4107.8,4,2,1,7,Potential Loyalists
CUST00652,532,1,3592.79,1,1,1,3,Needs Attention
CUST00653,299,1,10676.77,2,1,1,4,Needs Attention
CUST00654,137,1,13746.93,3,1,2,6,At Risk
CUST00655,30,3,64703.2,5,4,4,13,Champions
CUST00657,14,3,27381.88,5,4,3,12,Loyal Customers
CUST00658,417,1,14922.79,1,1,2,4,Needs Attention
CUST00659,101,5,35340.09,3,5,3,11,Loyal Customers
CUST00660,191,4,53621.26,2,5,4,11,Loyal Customers
CUST00661,45,2,70469.33,5,2,5,12,Loyal Customers
CUST00662,271,2,20780.68,2,2,2,6,At Risk
CUST00664,149,2,13766.89,3,2,2,7,Potential Loyalists
CUST00665,121,2,11344.67,3,2,1,6,At Risk
CUST00666,96,4,22941.09,4,5,2,11,Loyal Customers
CUST00667,103,3,63998.060000000005,3,4,4,11,Loyal Customers
CUST00668,350,1,12302.16,1,1,2,4,Needs Attention
CUST00669,236,2,88689.25,2,2,5,9,Potential Loyalists
CUST00670,58,1,4311.54,4,1,1,6,At Risk
CUST00671,74,3,53436.52,4,4,4,12,Loyal Customers
CUST00672,215,1,1061.45,2,1,1,4,Needs Attention
CUST00673,319,1,26429.68,1,1,3,5,At Risk
CUST00674,125,4,56727.13,3,5,4,12,Loyal Customers
CUST00675,345,1,12199.49,1,1,2,4,Needs Attention
CUST00676,232,2,66040.93,2,2,4,8,Potential Loyalists
CUST00677,19,4,54655.99,5,5,4,14,Champions
CUST00678,115,3,112345.94,3,4,5,12,Loyal Customers
CUST00680,240,3,14272.75,2,4,2,8,Potential Loyalists
CUST00681,185,2,89929.89,2,2,5,9,Potential Loyalists
CUST00682,120,3,33281.29,3,4,3,10,Loyal Customers
CUST00683,15,8,160335.25,5,5,5,15,Champions
CUST00684,195,2,102647.9,2,2,5,9,Potential Loyalists
CUST00685,325,1,39151.31,1,1,3,5,At Risk
CUST00686,113,2,25945.239999999998,3,2,3,8,Potential Loyalists
CUST00687,15,2,7300.710000000001,5,2,1,8,Potential Loyalists
CUST00688,201,1,2706.26,2,1,1,4,Needs Attention
CUST00689,173,2,107416.04999999999,3,2,5,10,Loyal Customers
CUST00690,87,6,98182.23000000001,4,5,5,14,Champions
CUST00691,369,1,8462.53,1,1,1,3,Needs Attention
CUST00693,273,4,51243.58,2,5,4,11,Loyal Customers
CUST00694,86,3,81336.96,4,4,5,13,Champions
CUST00695,477,1,8100.2,1,1,1,3,Needs Attention
CUST00696,114,2,21835.0,3,2,2,7,Potential Loyalists
CUST00697,144,2,13090.71,3,2,2,7,Potential Loyalists
CUST00698,34,4,34836.3,5,5,3,13,Champions
CUST00699,266,1,18812.61,2,1,2,5,At Risk
CUST00700,78,2,8690.04,4,2,1,7,Potential Loyalists
CUST00701,312,2,13150.93,1,2,2,5,At Risk
CUST00702,68,3,45094.270000000004,4,4,4,12,Loyal Customers
CUST00704,56,4,36589.64,4,5,3,12,Loyal Customers
CUST00705,5,8,106026.44,5,5,5,15,Champions
CUST00706,65,2,7217.74,4,2,1,7,Potential Loyalists
CUST00707,337,1,2652.35,1,1,1,3,Needs Attention
CUST00708,6,3,93258.52,5,4,5,14,Champions
CUST00709,30,3,43698.67,5,4,4,13,Champions
CUST00710,152,2,46679.69,3,2,4,9,Potential Loyalists
CUST00711,9,1,15346.57,5,1,2,8,Potential Loyalists
CUST00712,480,1,12651.95,1,1,2,4,Needs Attention
CUST00713,109,1,8497.46,3,1,1,5,At Risk
CUST00714,526,1,17511.44,1,1,2,4,Needs Attention
CUST00715,12,3,85663.04,5,4,5,14,Champions
CUST00716,390,2,13484.92,1,2,2,5,At Risk
CUST00717,53,2,13951.85,4,2,2,8,Potential Loyalists
CUST00718,179,1,8621.15,2,1,1,4,Needs Attention
CUST00719,219,3,58172.9,2,4,4,10,Loyal Customers
CUST00720,19,3,33062.36,5,4,3,12,Loyal Customers
CUST00721,35,2,49493.96,5,2,4,11,Loyal Customers
CUST00722,390,3,56740.649999999994,1,4,4,9,Potential Loyalists
CUST00723,419,1,1127.83,1,1,1,3,Needs Attention
CUST00724,27,6,60294.08,5,5,4,14,Champions
CUST00725,261,4,32214.74,2,5,3,10,Loyal Customers
CUST00727,194,4,23648.26,2,5,2,9,Potential Loyalists
CUST00728,56,3,59917.4,4,4,4,12,Loyal Customers
CUST00729,313,2,7067.75,1,2,1,4,Needs Attention
CUST00730,179,3,151103.81,2,4,5,11,Loyal Customers
CUST00731,48,5,21277.67,5,5,2,12,Loyal Customers
CUST00732,152,4,102940.12,3,5,5,13,Champions
CUST00733,250,2,25017.01,2,2,3,7,Potential Loyalists
CUST00734,343,3,98873.61000000002,1,4,5,10,Loyal Customers
CUST00735,516,1,20131.49,1,1,2,4,Needs Attention
CUST00737,122,7,163127.74,3,5,5,13,Champions
CUST00738,201,1,61949.86,2,1,4,7,Potential Loyalists
CUST00740,327,2,35804.45,1,2,3,6,At Risk
CUST00741,201,3,72255.84,2,4,5,11,Loyal Customers
CUST00742,161,2,39320.060000000005,3,2,3,8,Potential Loyalists
CUST00743,455,1,768.8,1,1,1,3,Needs Attention
CUST00744,133,1,15606.91,3,1,2,6,At Risk
CUST00745,262,2,27078.739999999998,2,2,3,7,Potential Loyalists
CUST00746,204,3,25930.1,2,4,3,9,Potential Loyalists
CUST00747,137,3,77760.38,3,4,5,12,Loyal Customers
CUST00749,88,8,99658.36,4,5,5,14,Champions
CUST00750,237,2,5809.53,2,2,1,5,At Risk
CUST00751,256,1,3336.99,2,1,1,4,Needs Attention
CUST00752,134,3,51531.61,3,4,4,11,Loyal Customers
CUST00753,176,5,39824.01,3,5,4,12,Loyal Customers
CUST00754,260,3,22134.79,2,4,2,8,Potential Loyalists
CUST00755,52,5,41202.659999999996,4,5,4,13,Champions
CUST00756,48,3,92533.95,5,4,5,14,Champions
CUST00757,109,2,13493.470000000001,3,2,2,7,Potential Loyalists
CUST00758,347,1,8342.31,1,1,1,3,Needs Attention
CUST00759,58,3,18285.32,4,4,2,10,Loyal Customers
CUST00760,204,3,21849.809999999998,2,4,2,8,Potential Loyalists
CUST00761,131,1,13184.79,3,1,2,6,At Risk
CUST00762,84,3,41066.64,4,4,4,12,Loyal Customers
CUST00763,3,4,59521.11,5,5,4,14,Champions
CUST00764,144,1,4709.7,3,1,1,5,At Risk
CUST00765,177,1,10477.54,3,1,1,5,At Risk
CUST00766,207,1,5961.12,2,1,1,4,Needs Attention
CUST00767,358,1,7879.03,1,1,1,3,Needs Attention
CUST00768,302,2,26437.039999999997,1,2,3,6,At Risk
CUST00769,216,1,48080.01,2,1,4,7,Potential Loyalists
CUST00770,48,3,21021.74,5,4,2,11,Loyal Customers
CUST00771,81,3,33683.45,4,4,3,11,Loyal Customers
CUST00772,75,3,73386.25,4,4,5,13,Champions
CUST00773,101,5,27177.690000000002,3,5,3,11,Loyal Customers
CUST00774,312,1,3753.54,1,1,1,3,Needs Attention
CUST00775,168,2,8309.3,3,2,1,6,At Risk
CUST00776,78,3,31087.729999999996,4,4,3,11,Loyal Customers
CUST00777,173,1,4312.43,3,1,1,5,At Risk
CUST00778,335,2,7874.74,1,2,1,4,Needs Attention
CUST00779,116,5,31111.48,3,5,3,11,Loyal Customers
CUST00780,55,3,24947.39,4,4,3,11,Loyal Customers
CUST00781,107,3,68066.23999999999,3,4,5,12,Loyal Customers
CUST00782,30,4,37183.81,5,5,3,13,Champions
CUST00783,335,1,6405.71,1,1,1,3,Needs Attention
CUST00784,51,2,55406.08,4,2,4,10,Loyal Customers
CUST00785,53,6,55291.090000000004,4,5,4,13,Champions
CUST00786,206,1,6041.27,2,1,1,4,Needs Attention
CUST00788,263,1,25162.16,2,1,3,6,At Risk
CUST00790,218,3,115991.32,2,4,5,11,Loyal Customers
CUST00791,121,2,35032.74,3,2,3,8,Potential Loyalists
CUST00792,141,3,34067.479999999996,3,4,3,10,Loyal Customers
CUST00793,19,6,148632.91,5,5,5,15,Champions
CUST00794,168,3,43128.31,3,4,4,11,Loyal Customers
CUST00795,234,2,22592.29,2,2,2,6,At Risk
CUST00796,424,1,6064.04,1,1,1,3,Needs Attention
CUST00797,310,1,13456.24,1,1,2,4,Needs Attention
CUST00798,94,4,32647.549999999996,4,5,3,12,Loyal Customers
CUST00799,187,2,78103.0,2,2,5,9,Potential Loyalists
CUST00800,79,1,5566.67,4,1,1,6,At Risk
CUST00801,35,4,21031.95,5,5,2,12,Loyal Customers
CUST00802,126,3,28309.120000000003,3,4,3,10,Loyal Customers
CUST00803,169,1,5013.44,3,1,1,5,At Risk
CUST00804,105,2,43388.57,3,2,4,9,Potential Loyalists
CUST00805,248,3,62538.08,2,4,4,10,Loyal Customers
CUST00806,68,2,9952.26,4,2,1,7,Potential Loyalists
CUST00807,386,2,7642.110000000001,1,2,1,4,Needs Attention
CUST00808,166,1,17312.41,3,1,2,6,At Risk
CUST00809,346,1,13980.41,1,1,2,4,Needs Attention
CUST00810,486,1,13766.35,1,1,2,4,Needs Attention
CUST00811,198,3,80591.58,2,4,5,11,Loyal Customers
CUST00812,216,1,19672.96,2,1,2,5,At Risk
CUST00813,114,2,12573.55,3,2,2,7,Potential Loyalists
CUST00814,60,1,4001.54,4,1,1,6,At Risk
CUST00815,27,3,41847.25,5,4,4,13,Champions
CUST00816,190,3,29613.38,2,4,3,9,Potential Loyalists
CUST00817,154,1,2892.62,3,1,1,5,At Risk
CUST00818,423,1,1287.11,1,1,1,3,Needs Attention
CUST00819,36,3,74024.97,5,4,5,14,Champions
CUST00821,82,1,18626.29,4,1,2,7,Potential Loyalists
CUST00822,492,1,25874.98,1,1,3,5,At Risk
CUST00823,38,5,57994.03,5,5,4,14,Champions
CUST00824,160,2,42615.34,3,2,4,9,Potential Loyalists
CUST00825,24,5,71724.81,5,5,5,15,Champions
CUST00826,471,1,66532.34,1,1,4,6,At Risk
CUST00827,146,2,45032.41,3,2,4,9,Potential Loyalists
CUST00828,4,4,29470.52,5,5,3,13,Champions
CUST00829,201,1,3434.33,2,1,1,4,Needs Attention
CUST00831,91,2,31477.420000000002,4,2,3,9,Potential Loyalists
CUST00832,152,3,39436.75,3,4,3,10,Loyal Customers
CUST00833,249,2,17495.09,2,2,2,6,At Risk
CUST00834,108,3,45376.770000000004,3,4,4,11,Loyal Customers
CUST00835,131,4,19891.43,3,5,2,10,Loyal Customers
CUST00836,505,1,23231.62,1,1,2,4,Needs Attention
CUST00837,202,2,67349.73999999999,2,2,4,8,Potential Loyalists
CUST00838,58,5,132443.77000000002,4,5,5,14,Champions
CUST00839,89,4,164057.7,4,5,5,14,Champions
CUST00840,476,1,2997.32,1,1,1,3,Needs Attention
CUST00841,85,4,53663.66,4,5,4,13,Champions
CUST00842,57,3,39856.99,4,4,4,12,Loyal Customers
CUST00843,124,4,48895.53,3,5,4,12,Loyal Customers
CUST00844,75,4,69660.6,4,5,5,14,Champions
CUST00845,252,2,36239.5,2,2,3,7,Potential Loyalists
CUST00846,53,2,59160.72,4,2,4,10,Loyal Customers
CUST00847,362,2,47509.57,1,2,4,7,Potential Loyalists
CUST00849,1,4,108699.68000000001,5,5,5,15,Champions
CUST00850,304,4,47359.79,1,5,4,10,Loyal Customers
CUST00851,204,1,7223.75,2,1,1,4,Needs Attention
CUST00852,42,5,107850.70999999999,5,5,5,15,Champions
CUST00853,100,5,64409.61,4,5,4,13,Champions
CUST00854,12,7,80761.93000000001,5,5,5,15,Champions
CUST00855,271,3,21405.3,2,4,2,8,Potential Loyalists
CUST00857,215,4,64055.399999999994,2,5,4,11,Loyal Customers
CUST00858,70,2,24633.18,4,2,3,9,Potential Loyalists
CUST00859,119,2,19235.32,3,2,2,7,Potential Loyalists
CUST00860,165,3,40349.43,3,4,4,11,Loyal Customers
CUST00861,97,2,24465.5,4,2,3,9,Potential Loyalists
CUST00862,148,3,50007.78,3,4,4,11,Loyal Customers
CUST00863,109,5,73265.64,3,5,5,13,Champions
CUST00864,353,2,89619.70999999999,1,2,5,8,Potential Loyalists
CUST00865,58,5,55944.68,4,5,4,13,Champions
CUST00866,29,5,76160.45,5,5,5,15,Champions
CUST00867,156,3,92584.9,3,4,5,12,Loyal Customers
CUST00868,28,2,42671.81,5,2,4,11,Loyal Customers
CUST00869,41,2,13111.29,5,2,2,9,Potential Loyalists
CUST00870,175,1,824.42,3,1,1,5,At Risk
CUST00871,111,4,35240.27,3,5,3,11,Loyal Customers
CUST00872,282,1,3601.38,2,1,1,4,Needs Attention
CUST00873,83,2,29237.55,4,2,3,9,Potential Loyalists
CUST00874,2,2,10400.68,5,2,1,8,Potential Loyalists
CUST00875,416,1,9299.69,1,1,1,3,Needs Attention
CUST00876,165,4,45790.08,3,5,4,12,Loyal Customers
CUST00877,77,5,48852.33,4,5,4,13,Champions
CUST00878,260,3,84582.73,2,4,5,11,Loyal Customers
CUST00879,88,4,40412.5,4,5,4,13,Champions
CUST00880,509,1,7815.55,1,1,1,3,Needs Attention
CUST00881,79,1,24465.16,4,1,2,7,Potential Loyalists
CUST00883,304,1,9705.09,1,1,1,3,Needs Attention
CUST00884,437,1,8715.23,1,1,1,3,Needs Attention
CUST00885,426,2,21345.86,1,2,2,5,At Risk
CUST00886,40,3,27170.38,5,4,3,12,Loyal Customers
CUST00887,241,1,39339.5,2,1,3,6,At Risk
CUST00888,240,3,33224.83,2,4,3,9,Potential Loyalists
CUST00889,71,2,27602.09,4,2,3,9,Potential Loyalists
CUST00890,269,3,21552.4,2,4,2,8,Potential Loyalists
CUST00891,27,2,61744.509999999995,5,2,4,11,Loyal Customers
CUST00892,66,3,184634.71000000002,4,4,5,13,Champions
CUST00893,268,3,96077.04,2,4,5,11,Loyal Customers
CUST00894,190,3,18918.6,2,4,2,8,Potential Loyalists
CUST00895,61,1,5466.12,4,1,1,6,At Risk
CUST00896,299,2,26619.32,2,2,3,7,Potential Loyalists
CUST00897,517,1,57291.82,1,1,4,6,At Risk
CUST00898,24,5,58980.71000000001,5,5,4,14,Champions
CUST00899,124,2,36331.78,3,2,3,8,Potential Loyalists
CUST00901,56,3,31664.86,4,4,3,11,Loyal Customers
CUST00902,353,1,482.62,1,1,1,3,Needs Attention
CUST00903,421,2,20878.2,1,2,2,5,At Risk
CUST00904,409,2,53758.84,1,2,4,7,Potential Loyalists
CUST00905,7,5,109862.32,5,5,5,15,Champions
CUST00906,421,1,13946.15,1,1,2,4,Needs Attention
CUST00907,120,2,17425.88,3,2,2,7,Potential Loyalists
CUST00909,35,3,23253.25,5,4,2,11,Loyal Customers
CUST00910,539,1,13440.55,1,1,2,4,Needs Attention
CUST00911,50,2,12237.24,4,2,2,8,Potential Loyalists
CUST00912,3,4,60767.18,5,5,4,14,Champions
CUST00913,329,1,39846.1,1,1,4,6,At Risk
CUST00914,142,3,38333.32,3,4,3,10,Loyal Customers
CUST00915,191,2,13928.9,2,2,2,6,At Risk
CUST00916,464,1,41408.63,1,1,4,6,At Risk
CUST00917,14,1,10989.54,5,1,1,7,Potential Loyalists
CUST00918,90,1,4747.19,4,1,1,6,At Risk
CUST00920,205,2,56490.56,2,2,4,8,Potential Loyalists
CUST00922,299,2,46877.28,2,2,4,8,Potential Loyalists
CUST00923,27,7,91139.38,5,5,5,15,Champions
CUST00924,30,4,42495.04,5,5,4,14,Champions
CUST00925,117,4,46217.68,3,5,4,12,Loyal Customers
CUST00926,87,1,5274.12,4,1,1,6,At Risk
CUST00928,131,3,38262.81,3,4,3,10,Loyal Customers
CUST00929,292,3,33022.56,2,4,3,9,Potential Loyalists
CUST00930,221,2,93098.89,2,2,5,9,Potential Loyalists
CUST00931,433,1,1228.09,1,1,1,3,Needs Attention
CUST00932,15,5,41996.65,5,5,4,14,Champions
CUST00933,292,1,11649.47,2,1,2,5,At Risk
CUST00934,201,4,78684.4,2,5,5,12,Loyal Customers
CUST00935,96,2,36699.5,4,2,3,9,Potential Loyalists
CUST00936,152,2,36631.509999999995,3,2,3,8,Potential Loyalists
CUST00937,33,4,120001.26,5,5,5,15,Champions
CUST00938,339,2,67919.74,1,2,5,8,Potential Loyalists
CUST00939,99,4,46866.3,4,5,4,13,Champions
CUST00940,263,1,5400.5,2,1,1,4,Needs Attention
CUST00941,284,2,20228.91,2,2,2,6,At Risk
CUST00942,62,5,159749.31,4,5,5,14,Champions
CUST00943,193,3,55151.22,2,4,4,10,Loyal Customers
CUST00944,90,3,19571.7,4,4,2,10,Loyal Customers
CUST00945,2,2,4674.06,5,2,1,8,Potential Loyalists
CUST00946,26,5,51240.200000000004,5,5,4,14,Champions
CUST00948,143,3,50401.469999999994,3,4,4,11,Loyal Customers
CUST00949,161,2,30782.370000000003,3,2,3,8,Potential Loyalists
CUST00950,267,1,16146.54,2,1,2,5,At Risk
CUST00951,2,2,19823.08,5,2,2,9,Potential Loyalists
CUST00952,20,2,18983.38,5,2,2,9,Potential Loyalists
CUST00953,112,3,34523.37,3,4,3,10,Loyal Customers
CUST00954,368,3,18939.83,1,4,2,7,Potential Loyalists
CUST00955,69,3,74164.73000000001,4,4,5,13,Champions
CUST00956,478,1,7185.03,1,1,1,3,Needs Attention
CUST00957,4,3,9788.05,5,4,1,10,Loyal Customers
CUST00958,480,1,56400.61,1,1,4,6,At Risk
CUST00959,179,2,91439.93,2,2,5,9,Potential Loyalists
CUST00960,10,2,17198.19,5,2,2,9,Potential Loyalists
CUST00961,120,2,20757.08,3,2,2,7,Potential Loyalists
CUST00963,187,3,83993.76000000001,2,4,5,11,Loyal Customers
CUST00964,79,1,27075.56,4,1,3,8,Potential Loyalists
CUST00965,495,1,3448.32,1,1,1,3,Needs Attention
CUST00966,210,2,14416.79,2,2,2,6,At Risk
CUST00969,245,2,21183.86,2,2,2,6,At Risk
CUST00970,273,3,29527.46,2,4,3,9,Potential Loyalists
CUST00971,1,6,45881.229999999996,5,5,4,14,Champions
CUST00972,165,3,94891.01000000001,3,4,5,12,Loyal Customers
CUST00973,294,3,18319.58,2,4,2,8,Potential Loyalists
CUST00974,406,2,89011.36,1,2,5,8,Potential Loyalists
CUST00975,241,3,42010.29,2,4,4,10,Loyal Customers
CUST00976,144,2,8637.13,3,2,1,6,At Risk
CUST00977,150,4,26696.579999999998,3,5,3,11,Loyal Customers
CUST00978,368,3,27657.14,1,4,3,8,Potential Loyalists
CUST00979,60,1,6978.01,4,1,1,6,At Risk
CUST00981,76,2,59300.53,4,2,4,10,Loyal Customers
CUST00982,48,6,63410.47,4,5,4,13,Champions
CUST00983,255,1,685.5,2,1,1,4,Needs Attention
CUST00984,213,3,16347.17,2,4,2,8,Potential Loyalists
CUST00985,99,1,6730.26,4,1,1,6,At Risk
CUST00986,202,4,75438.75,2,5,5,12,Loyal Customers
CUST00987,338,1,10754.51,1,1,1,3,Needs Attention
CUST00988,36,3,28771.58,5,4,3,12,Loyal Customers
CUST00989,124,2,9749.33,3,2,1,6,At Risk
CUST00991,132,2,25971.399999999998,3,2,3,8,Potential Loyalists
CUST00992,88,3,93673.89,4,4,5,13,Champions
CUST00993,116,1,2330.56,3,1,1,5,At Risk
CUST00994,381,1,15619.81,1,1,2,4,Needs Attention
CUST00995,160,2,5329.530000000001,3,2,1,6,At Risk
CUST00996,101,1,3447.17,3,1,1,5,At Risk
CUST00997,150,2,39086.45,3,2,3,8,Potential Loyalists
CUST00998,136,5,104328.47,3,5,5,13,Champions
CUST00999,177,3,37615.87,3,4,3,10,Loyal Customers
CUST01000,80,3,38524.31,4,4,3,11,Loyal Customers
CUST01001,131,5,73559.38,3,5,5,13,Champions
CUST01002,99,3,26755.1,4,4,3,11,Loyal Customers
CUST01003,91,5,56704.45,4,5,4,13,Champions
CUST01004,426,2,12990.97,1,2,2,5,At Risk
CUST01005,100,3,107036.48,4,4,5,13,Champions
CUST01006,71,3,25842.910000000003,4,4,3,11,Loyal Customers
CUST01007,48,2,28840.57,4,2,3,9,Potential Loyalists
CUST01008,437,1,19439.37,1,1,2,4,Needs Attention
CUST01009,268,3,47848.619999999995,2,4,4,10,Loyal Customers
CUST01010,82,2,10371.01,4,2,1,7,Potential Loyalists
CUST01011,106,4,48903.880000000005,3,5,4,12,Loyal Customers
CUST01012,25,3,31273.46,5,4,3,12,Loyal Customers
CUST01013,111,1,9897.24,3,1,1,5,At Risk
CUST01014,55,2,20816.56,4,3,2,9,Potential Loyalists
CUST01016,261,2,10723.77,2,3,1,6,At Risk
CUST01017,193,1,4781.84,2,1,1,4,Needs Attention
CUST01018,56,5,66817.89,4,5,4,13,Champions
CUST01019,116,3,37600.770000000004,3,4,3,10,Loyal Customers
CUST01020,345,2,28817.74,1,3,3,7,Potential Loyalists
CUST01021,330,2,23580.23,1,3,2,6,At Risk
CUST01022,75,2,13848.8,4,3,2,9,Potential Loyalists
CUST01023,32,9,149350.27,5,5,5,15,Champions
CUST01024,71,2,80628.81,4,3,5,12,Loyal Customers
CUST01025,293,3,70863.54,2,4,5,11,Loyal Customers
CUST01026,262,4,22562.059999999998,2,5,2,9,Potential Loyalists
CUST01027,39,2,74092.93,5,3,5,13,Champions
CUST01029,9,2,30681.989999999998,5,3,3,11,Loyal Customers
CUST01030,89,2,18472.4,4,3,2,9,Potential Loyalists
CUST01031,141,7,101238.23999999999,3,5,5,13,Champions
CUST01032,35,2,115210.2,5,3,5,13,Champions
CUST01033,321,3,79312.6,1,4,5,10,Loyal Customers
CUST01034,252,2,20711.47,2,3,2,7,Potential Loyalists
CUST01035,298,2,13200.830000000002,2,3,2,7,Potential Loyalists
CUST01036,252,2,28301.35,2,3,3,8,Potential Loyalists
CUST01037,9,3,37062.85,5,4,3,12,Loyal Customers
CUST01038,150,4,61688.73999999999,3,5,4,12,Loyal Customers
CUST01040,289,2,17189.6,2,3,2,7,Potential Loyalists
CUST01041,495,2,27668.32,1,3,3,7,Potential Loyalists
CUST01042,84,2,41830.13,4,3,4,11,Loyal Customers
CUST01043,267,4,39704.0,2,5,3,10,Loyal Customers
CUST01044,16,7,51427.5,5,5,4,14,Champions
CUST01045,334,1,33311.25,1,1,3,5,At Risk
CUST01046,369,1,5234.31,1,1,1,3,Needs Attention
CUST01047,57,4,127285.98999999999,4,5,5,14,Champions
CUST01048,188,2,3726.4,2,3,1,6,At Risk
CUST01049,186,2,52496.16,2,3,4,9,Potential Loyalists
CUST01050,171,2,12764.59,3,3,2,8,Potential Loyalists
CUST01051,72,4,36582.0,4,5,3,12,Loyal Customers
CUST01052,243,6,133931.59,2,5,5,12,Loyal Customers
CUST01053,103,5,62586.64,3,5,4,12,Loyal Customers
CUST01054,320,1,13100.47,1,1,2,4,Needs Attention
CUST01055,377,3,13359.81,1,4,2,7,Potential Loyalists
CUST01056,36,2,11947.59,5,3,2,10,Loyal Customers
CUST01057,30,3,91666.71,5,4,5,14,Champions
CUST01058,53,3,35288.46,4,4,3,11,Loyal Customers
CUST01059,272,3,3867.0600000000004,2,4,1,7,Potential Loyalists
CUST01060,203,3,35112.4,2,4,3,9,Potential Loyalists
CUST01061,79,3,36995.78,4,4,3,11,Loyal Customers
CUST01062,532,1,7203.42,1,1,1,3,Needs Attention
CUST01063,48,2,14079.6,4,3,2,9,Potential Loyalists
CUST01064,27,5,157904.84,5,5,5,15,Champions
CUST01065,169,3,28351.84,3,4,3,10,Loyal Customers
CUST01066,129,1,7009.23,3,1,1,5,At Risk
CUST01067,87,3,68170.42,4,4,5,13,Champions
CUST01068,192,2,21689.77,2,3,2,7,Potential Loyalists
CUST01070,163,4,116931.98000000001,3,5,5,13,Champions
CUST01071,286,1,18389.25,2,1,2,5,At Risk
CUST01072,88,5,79138.64000000001,4,5,5,14,Champions
CUST01073,351,5,42933.28,1,5,4,10,Loyal Customers
CUST01074,27,4,48102.850000000006,5,5,4,14,Champions
CUST01075,142,3,73363.87000000001,3,4,5,12,Loyal Customers
CUST01076,188,2,6615.99,2,3,1,6,At Risk
CUST01077,118,1,26127.58,3,1,3,7,Potential Loyalists
CUST01078,356,2,19563.55,1,3,2,6,At Risk
CUST01080,84,4,33402.3,4,5,3,12,Loyal Customers
CUST01081,37,2,22486.63,5,3,2,10,Loyal Customers
CUST01082,74,2,75493.5,4,3,5,12,Loyal Customers
CUST01083,9,3,87913.9,5,4,5,14,Champions
CUST01084,44,4,94758.91,5,5,5,15,Champions
CUST01085,379,3,15083.449999999999,1,4,2,7,Potential Loyalists
CUST01086,496,1,1488.77,1,1,1,3,Needs Attention
CUST01087,90,4,73661.91,4,5,5,14,Champions
CUST01088,77,5,48067.82,4,5,4,13,Champions
CUST01089,31,2,3289.06,5,3,1,9,Potential Loyalists
CUST01090,413,1,3141.76,1,1,1,3,Needs Attention
CUST01091,21,5,105855.62999999999,5,5,5,15,Champions
CUST01092,209,3,28685.63,2,4,3,9,Potential Loyalists
CUST01093,366,1,4839.3,1,1,1,3,Needs Attention
CUST01094,355,2,34959.130000000005,1,3,3,7,Potential Loyalists
CUST01096,56,3,40483.12,4,4,4,12,Loyal Customers
CUST01097,320,6,143676.91,1,5,5,11,Loyal Customers
CUST01098,204,1,33488.5,2,1,3,6,At Risk
CUST01099,166,2,87182.56,3,3,5,11,Loyal Customers
CUST01100,152,4,60449.170000000006,3,5,4,12,Loyal Customers
CUST01101,64,2,31336.170000000002,4,3,3,10,Loyal Customers
CUST01102,194,3,81269.32,2,4,5,11,Loyal Customers
CUST01103,315,2,5366.07,1,3,1,5,At Risk
CUST01104,4,4,26417.62,5,5,3,13,Champions
CUST01105,251,2,28490.7,2,3,3,8,Potential Loyalists
CUST01106,101,3,14117.22,3,4,2,9,Potential Loyalists
CUST01107,321,3,34810.020000000004,1,4,3,8,Potential Loyalists
CUST01108,62,4,70002.87,4,5,5,14,Champions
CUST01109,50,4,67934.2,4,5,5,14,Champions
CUST01110,57,1,5707.4,4,1,1,6,At Risk
CUST01111,322,3,113082.72,1,4,5,10,Loyal Customers
CUST01112,3,2,10556.83,5,3,1,9,Potential Loyalists
CUST01113,272,2,6463.58,2,3,1,6,At Risk
CUST01114,240,3,18278.17,2,4,2,8,Potential Loyalists
CUST01115,286,2,19363.48,2,3,2,7,Potential Loyalists
CUST01116,104,3,7176.18,3,4,1,8,Potential Loyalists
CUST01117,65,2,13070.36,4,3,2,9,Potential Loyalists
CUST01118,48,4,81588.51,4,5,5,14,Champions
CUST01119,160,5,54259.19,3,5,4,12,Loyal Customers
CUST01120,221,2,40001.72,2,3,4,9,Potential Loyalists
CUST01121,190,4,51082.45,2,5,4,11,Loyal Customers
CUST01122,103,4,25145.870000000003,3,5,3,11,Loyal Customers
CUST01123,366,1,82807.69,1,1,5,7,Potential Loyalists
CUST01124,126,3,28463.600000000002,3,4,3,10,Loyal Customers
CUST01125,469,2,70720.19,1,3,5,9,Potential Loyalists
CUST01126,295,3,24453.53,2,4,2,8,Potential Loyalists
CUST01128,347,1,1645.2,1,1,1,3,Needs Attention
CUST01129,291,3,35079.17,2,4,3,9,Potential Loyalists
CUST01130,330,3,42303.65,1,4,4,9,Potential Loyalists
CUST01131,117,4,79346.72,3,5,5,13,Champions
CUST01132,219,2,11305.05,2,3,1,6,At Risk
CUST01133,244,1,41072.82,2,1,4,7,Potential Loyalists
CUST01134,79,2,8120.28,4,3,1,8,Potential Loyalists
CUST01135,157,2,56708.31,3,3,4,10,Loyal Customers
CUST01136,285,2,22995.4,2,3,2,7,Potential Loyalists
CUST01138,141,3,61143.170000000006,3,4,4,11,Loyal Customers
CUST01139,281,1,2710.5,2,1,1,4,Needs Attention
CUST01140,251,1,34017.27,2,1,3,6,At Risk
CUST01141,21,2,27610.31,5,3,3,11,Loyal Customers
CUST01142,59,7,81453.36,4,5,5,14,Champions
CUST01143,120,3,30267.1,3,4,3,10,Loyal Customers
CUST01144,133,3,54604.030000000006,3,4,4,11,Loyal Customers
CUST01146,9,4,48974.44,5,5,4,14,Champions
CUST01147,230,1,10579.77,2,1,1,4,Needs Attention
CUST01148,119,5,76421.56,3,5,5,13,Champions
CUST01149,44,1,22296.61,5,1,2,8,Potential Loyalists
CUST01150,113,3,32012.260000000002,3,4,3,10,Loyal Customers
CUST01151,110,2,74983.04000000001,3,3,5,11,Loyal Customers
CUST01152,195,2,65264.37,2,3,4,9,Potential Loyalists
CUST01153,268,5,73027.09999999999,2,5,5,12,Loyal Customers
CUST01154,207,4,51669.95,2,5,4,11,Loyal Customers
CUST01155,83,2,9178.15,4,3,1,8,Potential Loyalists
CUST01156,74,7,255597.7,4,5,5,14,Champions
CUST01157,6,5,22842.3,5,5,2,12,Loyal Customers
CUST01158,5,3,78943.44,5,4,5,14,Champions
CUST01159,29,4,104338.81999999999,5,5,5,15,Champions
CUST01160,211,1,5484.86,2,1,1,4,Needs Attention
CUST01161,63,2,8370.5,4,3,1,8,Potential Loyalists
CUST01162,13,5,73693.03,5,5,5,15,Champions
CUST01163,5,4,56356.56,5,5,4,14,Champions
CUST01164,107,3,45382.37,3,4,4,11,Loyal Customers
CUST01165,62,2,65685.54000000001,4,3,4,11,Loyal Customers
CUST01166,18,5,110792.93000000001,5,5,5,15,Champions
CUST01167,30,1,52487.99,5,1,4,10,Loyal Customers
CUST01168,140,2,18179.63,3,3,2,8,Potential Loyalists
CUST01169,148,2,72293.35,3,3,5,11,Loyal Customers
CUST01170,279,1,2354.54,2,1,1,4,Needs Attention
CUST01171,180,5,53063.16,2,5,4,11,Loyal Customers
CUST01172,502,1,6016.5,1,1,1,3,Needs Attention
CUST01173,96,4,62100.03,4,5,4,13,Champions
CUST01175,188,3,29425.51,2,4,3,9,Potential Loyalists
CUST01176,112,2,44292.49,3,3,4,10,Loyal Customers
CUST01177,496,1,3443.69,1,1,1,3,Needs Attention
CUST01178,91,2,11194.029999999999,4,3,1,8,Potential Loyalists
CUST01179,241,2,13255.17,2,3,2,7,Potential Loyalists
CUST01180,37,5,101579.28,5,5,5,15,Champions
CUST01182,95,4,53606.65,4,5,4,13,Champions
CUST01183,139,6,139321.15,3,5,5,13,Champions
CUST01184,148,3,39410.51,3,4,3,10,Loyal Customers
CUST01185,151,3,12272.6,3,4,2,9,Potential Loyalists
CUST01186,300,2,13840.75,1,3,2,6,At Risk
CUST01187,199,5,136339.13,2,5,5,12,Loyal Customers
CUST01188,150,4,17601.52,3,5,2,10,Loyal Customers
CUST01189,31,2,5900.68,5,3,1,9,Potential Loyalists
CUST01190,186,1,22074.09,2,1,2,5,At Risk
CUST01191,2,6,77404.86,5,5,5,15,Champions
CUST01192,203,1,43521.95,2,1,4,7,Potential Loyalists
CUST01194,65,1,5643.96,4,1,1,6,At Risk
CUST01195,55,4,47455.36,4,5,4,13,Champions
CUST01196,2,3,39762.46,5,4,3,12,Loyal Customers
CUST01197,177,2,109739.44,3,3,5,11,Loyal Customers
CUST01198,59,4,23593.57,4,5,2,11,Loyal Customers
CUST01199,132,4,36839.93,3,5,3,11,Loyal Customers
CUST01200,375,5,92945.47,1,5,5,11,Loyal Customers
CUST01201,94,2,20992.71,4,3,2,9,Potential Loyalists
CUST01202,495,1,2441.14,1,1,1,3,Needs Attention
CUST01203,511,1,17317.23,1,1,2,4,Needs Attention
CUST01204,318,2,12001.82,1,3,2,6,At Risk
CUST01205,217,2,12840.130000000001,2,3,2,7,Potential Loyalists
CUST01206,49,4,127545.45,4,5,5,14,Champions
CUST01207,465,3,64172.659999999996,1,4,4,9,Potential Loyalists
CUST01208,535,1,7921.27,1,1,1,3,Needs Attention
CUST01209,6,1,3798.77,5,1,1,7,Potential Loyalists
CUST01210,61,3,50057.619999999995,4,4,4,12,Loyal Customers
CUST01211,100,3,21315.47,4,4,2,10,Loyal Customers
CUST01212,73,4,35859.75,4,5,3,12,Loyal Customers
CUST01213,2,4,58608.62,5,5,4,14,Champions
CUST01214,181,3,98740.36,2,4,5,11,Loyal Customers
CUST01215,50,5,157101.82,4,5,5,14,Champions
CUST01216,86,3,39210.18,4,4,3,11,Loyal Customers
CUST01217,72,4,128492.12000000001,4,5,5,14,Champions
CUST01218,147,2,32425.420000000002,3,3,3,9,Potential Loyalists
CUST01220,40,4,70246.04,5,5,5,15,Champions
CUST01221,177,3,29460.07,2,4,3,9,Potential Loyalists
CUST01222,395,4,30952.46,1,5,3,9,Potential Loyalists
CUST01223,8,2,11779.93,5,3,2,10,Loyal Customers
CUST01224,18,5,34610.18,5,5,3,13,Champions
CUST01225,153,2,25524.94,3,3,3,9,Potential Loyalists
CUST01226,437,2,63195.21,1,3,4,8,Potential Loyalists
CUST01227,47,4,22023.66,5,5,2,12,Loyal Customers
CUST01228,286,2,26917.600000000002,2,3,3,8,Potential Loyalists
CUST01229,290,3,5059.34,2,4,1,7,Potential Loyalists
CUST01230,113,6,69773.25,3,5,5,13,Champions
CUST01231,398,2,104511.51000000001,1,3,5,9,Potential Loyalists
CUST01232,158,4,66089.07,3,5,4,12,Loyal Customers
CUST01233,330,1,16484.04,1,1,2,4,Needs Attention
CUST01234,12,3,17399.120000000003,5,4,2,11,Loyal Customers
CUST01235,91,4,34277.8,4,5,3,12,Loyal Customers
CUST01236,95,2,42788.53,4,3,4,11,Loyal Customers
CUST01237,454,1,32852.2,1,1,3,5,At Risk
CUST01238,23,2,38258.25,5,3,3,11,Loyal Customers
CUST01239,206,2,8687.89,2,3,1,6,At Risk
CUST01240,219,2,82298.92,2,3,5,10,Loyal Customers
CUST01241,64,3,49648.09,4,4,4,12,Loyal Customers
CUST01242,422,3,93106.84,1,4,5,10,Loyal Customers
CUST01243,383,1,26138.66,1,1,3,5,At Risk
CUST01244,447,2,48895.06,1,3,4,8,Potential Loyalists
CUST01245,182,4,53755.65,2,5,4,11,Loyal Customers
CUST01246,220,3,50980.49,2,4,4,10,Loyal Customers
CUST01247,24,7,123600.5,5,5,5,15,Champions
CUST01248,178,1,2891.03,2,1,1,4,Needs Attention
CUST01249,436,1,12029.16,1,1,2,4,Needs Attention
CUST01250,67,3,13721.91,4,4,2,10,Loyal Customers
CUST01251,201,3,8794.75,2,4,1,7,Potential Loyalists
CUST01252,113,2,38906.92,3,3,3,9,Potential Loyalists
CUST01253,79,3,92676.1,4,4,5,13,Champions
CUST01254,100,3,31025.76,4,4,3,11,Loyal Customers
CUST01255,113,2,17835.14,3,3,2,8,Potential Loyalists
CUST01257,139,4,90668.05,3,5,5,13,Champions
CUST01258,16,4,67103.61,5,5,4,14,Champions
CUST01259,74,4,73634.0,4,5,5,14,Champions
CUST01260,67,3,33194.07,4,4,3,11,Loyal Customers
CUST01261,88,3,37144.12,4,4,3,11,Loyal Customers
CUST01262,137,4,69866.28,3,5,5,13,Champions
CUST01265,148,4,83026.18,3,5,5,13,Champions
CUST01266,46,3,9271.65,5,4,1,10,Loyal Customers
CUST01267,21,3,101121.20999999999,5,4,5,14,Champions
CUST01269,196,2,9483.189999999999,2,3,1,6,At Risk
CUST01270,14,5,22471.29,5,5,2,12,Loyal Customers
CUST01271,15,2,30465.38,5,3,3,11,Loyal Customers
CUST01272,129,3,167705.74,3,4,5,12,Loyal Customers
CUST01273,254,3,23165.77,2,4,2,8,Potential Loyalists
CUST01274,56,5,61737.509999999995,4,5,4,13,Champions
CUST01275,219,3,25701.69,2,4,3,9,Potential Loyalists
CUST01276,249,3,10951.06,2,4,1,7,Potential Loyalists
CUST01277,45,2,25029.96,5,3,3,11,Loyal Customers
CUST01278,280,3,111782.70999999999,2,4,5,11,Loyal Customers
CUST01279,31,1,2693.56,5,1,1,7,Potential Loyalists
CUST01281,305,1,22289.2,1,1,2,4,Needs Attention
CUST01282,178,1,2759.79,2,1,1,4,Needs Attention
CUST01283,99,6,30234.79,4,5,3,12,Loyal Customers
CUST01284,162,2,12354.45,3,3,2,8,Potential Loyalists
CUST01285,118,1,28821.88,3,1,3,7,Potential Loyalists
CUST01286,260,4,53563.75,2,5,4,11,Loyal Customers
CUST01289,244,1,6395.1,2,1,1,4,Needs Attention
CUST01290,67,3,104601.73000000001,4,4,5,13,Champions
CUST01292,117,3,91971.54,3,4,5,12,Loyal Customers
CUST01293,36,6,92307.32999999999,5,5,5,15,Champions
CUST01294,72,4,45662.78,4,5,4,13,Champions
CUST01295,145,3,43025.16,3,4,4,11,Loyal Customers
CUST01296,208,3,45550.41,2,4,4,10,Loyal Customers
CUST01297,30,7,104247.46,5,5,5,15,Champions
CUST01298,138,2,52023.399999999994,3,3,4,10,Loyal Customers
CUST01299,188,3,60062.95,2,4,4,10,Loyal Customers
CUST01300,30,3,9797.59,5,4,1,10,Loyal Customers
CUST01301,245,3,21573.91,2,4,2,8,Potential Loyalists
CUST01302,5,3,25594.09,5,4,3,12,Loyal Customers
CUST01303,43,2,7873.02,5,3,1,9,Potential Loyalists
CUST01304,165,2,43430.82,3,3,4,10,Loyal Customers
CUST01305,147,4,86073.42000000001,3,5,5,13,Champions
CUST01306,8,3,29700.440000000002,5,4,3,12,Loyal Customers
CUST01307,77,5,153050.78999999998,4,5,5,14,Champions
CUST01308,296,3,46281.68,2,4,4,10,Loyal Customers
CUST01309,139,3,75771.70999999999,3,4,5,12,Loyal Customers
CUST01310,14,5,164156.35,5,5,5,15,Champions
CUST01312,150,3,19440.31,3,4,2,9,Potential Loyalists
CUST01313,197,2,32495.789999999997,2,3,3,8,Potential Loyalists
CUST01314,110,3,72509.24,3,4,5,12,Loyal Customers
CUST01317,268,2,5561.08,2,3,1,6,At Risk
CUST01318,66,3,12097.25,4,4,2,10,Loyal Customers
CUST01319,486,1,9297.35,1,1,1,3,Needs Attention
CUST01320,186,3,48394.18,2,4,4,10,Loyal Customers
CUST01322,383,2,8297.310000000001,1,3,1,5,At Risk
CUST01323,279,2,15466.14,2,3,2,7,Potential Loyalists
CUST01324,74,4,119114.92,4,5,5,14,Champions
CUST01325,495,1,1294.12,1,1,1,3,Needs Attention
CUST01326,152,2,26432.989999999998,3,3,3,9,Potential Loyalists
CUST01327,28,3,77366.92,5,4,5,14,Champions
CUST01328,3,4,36340.04,5,5,3,13,Champions
CUST01330,242,2,17945.45,2,3,2,7,Potential Loyalists
CUST01331,446,1,2756.08,1,1,1,3,Needs Attention
CUST01332,153,3,39376.149999999994,3,4,3,10,Loyal Customers
CUST01333,123,3,105127.58,3,4,5,12,Loyal Customers
CUST01334,43,4,52880.89,5,5,4,14,Champions
CUST01335,245,2,13438.86,2,3,2,7,Potential Loyalists
CUST01336,380,2,12810.6,1,3,2,6,At Risk
CUST01337,184,4,57609.58,2,5,4,11,Loyal Customers
CUST01338,380,2,20951.77,1,3,2,6,At Risk
CUST01339,131,2,5839.299999999999,3,3,1,7,Potential Loyalists
CUST01340,311,1,8281.58,1,1,1,3,Needs Attention
CUST01342,104,4,40138.55,3,5,4,12,Loyal Customers
CUST01343,284,2,4909.45,2,3,1,6,At Risk
CUST01344,98,1,1839.1,4,1,1,6,At Risk
CUST01345,238,2,107321.22,2,3,5,10,Loyal Customers
CUST01346,495,1,907.74,1,1,1,3,Needs Attention
CUST01347,360,1,1499.23,1,1,1,3,Needs Attention
CUST01348,176,3,23044.6,3,4,2,9,Potential Loyalists
CUST01349,367,2,68177.26,1,3,5,9,Potential Loyalists
CUST01350,12,3,10645.17,5,4,1,10,Loyal Customers
CUST01351,369,2,14928.779999999999,1,3,2,6,At Risk
CUST01352,22,4,35767.86,5,5,3,13,Champions
CUST01353,77,3,54095.94,4,4,4,12,Loyal Customers
CUST01354,36,2,2438.73,5,3,1,9,Potential Loyalists
CUST01355,22,3,32249.5,5,4,3,12,Loyal Customers
CUST01356,391,1,3358.67,1,1,1,3,Needs Attention
CUST01357,245,2,79252.93000000001,2,3,5,10,Loyal Customers
CUST01358,205,3,15054.380000000001,2,4,2,8,Potential Loyalists
CUST01359,398,1,12225.65,1,1,2,4,Needs Attention
CUST01360,118,5,79415.75,3,5,5,13,Champions
CUST01361,353,1,4647.65,1,1,1,3,Needs Attention
CUST01362,89,3,42005.53,4,4,4,12,Loyal Customers
CUST01363,117,1,10501.9,3,1,1,5,At Risk
CUST01364,219,3,31337.97,2,4,3,9,Potential Loyalists
CUST01365,20,2,12752.09,5,3,2,10,Loyal Customers
CUST01366,95,3,80186.52,4,4,5,13,Champions
CUST01367,46,2,10457.83,5,3,1,9,Potential Loyalists
CUST01368,139,4,52461.78,3,5,4,12,Loyal Customers
CUST01369,44,4,128406.45,5,5,5,15,Champions
CUST01370,56,3,30422.18,4,4,3,11,Loyal Customers
CUST01371,115,2,43039.009999999995,3,3,4,10,Loyal Customers
CUST01372,16,6,55990.34,5,5,4,14,Champions
CUST01373,57,5,97764.43000000001,4,5,5,14,Champions
CUST01374,388,2,13593.14,1,3,2,6,At Risk
CUST01375,14,4,23692.02,5,5,2,12,Loyal Customers
CUST01376,4,4,60264.11,5,5,4,14,Champions
CUST01377,134,4,134405.04,3,5,5,13,Champions
CUST01378,426,1,20142.43,1,1,2,4,Needs Attention
CUST01379,52,4,88032.06,4,5,5,14,Champions
CUST01380,513,1,9108.13,1,1,1,3,Needs Attention
CUST01381,80,3,45359.86,4,4,4,12,Loyal Customers
CUST01382,408,2,82180.7,1,3,5,9,Potential Loyalists
CUST01383,316,4,141916.23,1,5,5,11,Loyal Customers
CUST01384,44,3,84683.94,5,4,5,14,Champions
CUST01385,64,2,60111.14,4,3,4,11,Loyal Customers
CUST01386,164,2,27013.11,3,3,3,9,Potential Loyalists
CUST01387,172,2,45618.29,3,3,4,10,Loyal Customers
CUST01388,56,3,35852.11,4,4,3,11,Loyal Customers
CUST01389,444,1,7130.37,1,1,1,3,Needs Attention
CUST01390,264,3,56033.33,2,4,4,10,Loyal Customers
CUST01391,107,3,8176.74,3,4,1,8,Potential Loyalists
CUST01392,54,3,32980.24,4,4,3,11,Loyal Customers
CUST01393,159,1,18799.64,3,1,2,6,At Risk
CUST01394,158,2,22390.98,3,3,2,8,Potential Loyalists
CUST01396,157,1,3518.56,3,1,1,5,At Risk
CUST01398,324,1,6361.93,1,1,1,3,Needs Attention
CUST01399,258,4,39038.56,2,5,3,10,Loyal Customers
CUST01400,413,1,11308.02,1,1,1,3,Needs Attention
CUST01401,158,3,39595.22,3,4,3,10,Loyal Customers
CUST01402,181,2,38918.71000000001,2,3,3,8,Potential Loyalists
CUST01403,176,4,96759.64,3,5,5,13,Champions
CUST01404,33,1,2467.48,5,1,1,7,Potential Loyalists
CUST01405,44,2,15357.18,5,3,2,10,Loyal Customers
CUST01407,118,2,56204.29,3,3,4,10,Loyal Customers
CUST01408,128,4,28871.59,3,5,3,11,Loyal Customers
CUST01409,97,2,23857.940000000002,4,3,2,9,Potential Loyalists
CUST01410,428,4,73661.76000000001,1,5,5,11,Loyal Customers
CUST01411,168,3,56851.01,3,4,4,11,Loyal Customers
CUST01412,490,1,26201.41,1,1,3,5,At Risk
CUST01414,65,3,56075.49,4,4,4,12,Loyal Customers
CUST01415,12,3,25322.45,5,4,3,12,Loyal Customers
CUST01416,203,2,44268.03999999999,2,3,4,9,Potential Loyalists
CUST01417,220,2,38046.76,2,3,3,8,Potential Loyalists
CUST01418,176,3,44000.04,3,4,4,11,Loyal Customers
CUST01419,477,1,22163.79,1,1,2,4,Needs Attention
CUST01420,182,2,70238.57,2,3,5,10,Loyal Customers
CUST01421,5,1,18726.48,5,1,2,8,Potential Loyalists
CUST01422,195,4,39771.88,2,5,3,10,Loyal Customers
CUST01423,238,1,9174.89,2,1,1,4,Needs Attention
CUST01424,270,3,9273.71,2,4,1,7,Potential Loyalists
CUST01426,494,1,2595.61,1,1,1,3,Needs Attention
CUST01427,7,2,22900.59,5,3,2,10,Loyal Customers
CUST01428,520,1,6451.98,1,1,1,3,Needs Attention
CUST01429,67,8,125870.96,4,5,5,14,Champions
CUST01430,82,4,24173.16,4,5,2,11,Loyal Customers
CUST01431,331,2,53531.29,1,3,4,8,Potential Loyalists
CUST01432,117,3,27028.789999999997,3,4,3,10,Loyal Customers
CUST01433,103,3,75788.66,3,4,5,12,Loyal Customers
CUST01434,332,2,60917.909999999996,1,3,4,8,Potential Loyalists
CUST01436,111,5,30847.98,3,5,3,11,Loyal Customers
CUST01437,368,2,11988.460000000001,1,3,2,6,At Risk
CUST01438,8,4,82936.43000000001,5,5,5,15,Champions
CUST01439,246,3,12995.43,2,4,2,8,Potential Loyalists
CUST01440,128,3,35311.3,3,4,3,10,Loyal Customers
CUST01441,125,1,4013.89,3,1,1,5,At Risk
CUST01442,62,2,21369.54,4,3,2,9,Potential Loyalists
CUST01443,362,2,17836.120000000003,1,3,2,6,At Risk
CUST01444,525,2,96177.4,1,3,5,9,Potential Loyalists
CUST01446,76,4,41597.520000000004,4,5,4,13,Champions
CUST01447,440,3,136638.78999999998,1,4,5,10,Loyal Customers
CUST01448,88,2,41610.27,4,3,4,11,Loyal Customers
CUST01449,19,2,13943.46,5,3,2,10,Loyal Customers
CUST01450,162,1,1586.37,3,1,1,5,At Risk
CUST01451,361,2,115504.17000000001,1,3,5,9,Potential Loyalists
CUST01452,173,1,1712.5,3,1,1,5,At Risk
CUST01453,141,1,7788.24,3,1,1,5,At Risk
CUST01455,22,3,45123.33,5,4,4,13,Champions
CUST01456,17,3,44814.51,5,4,4,13,Champions
CUST01457,141,2,32535.71,3,3,3,9,Potential Loyalists
CUST01459,187,3,96131.86,2,4,5,11,Loyal Customers
CUST01460,276,2,25359.23,2,3,3,8,Potential Loyalists
CUST01461,81,2,20336.23,4,3,2,9,Potential Loyalists
CUST01462,21,4,61289.17,5,5,4,14,Champions
CUST01463,168,4,67829.1,3,5,4,12,Loyal Customers
CUST01466,28,2,16781.57,5,3,2,10,Loyal Customers
CUST01467,120,3,46730.6,3,4,4,11,Loyal Customers
CUST01468,135,3,25303.25,3,4,3,10,Loyal Customers
CUST01469,174,3,40571.35,3,4,4,11,Loyal Customers
CUST01470,304,3,33019.31,1,4,3,8,Potential Loyalists
CUST01471,325,2,36505.08,1,3,3,7,Potential Loyalists
CUST01472,7,3,38826.1,5,4,3,12,Loyal Customers
CUST01473,456,1,9029.48,1,1,1,3,Needs Attention
CUST01474,8,3,24874.29,5,4,3,12,Loyal Customers
CUST01475,345,5,103839.58,1,5,5,11,Loyal Customers
CUST01476,193,1,7964.03,2,1,1,4,Needs Attention
CUST01477,483,1,3956.95,1,2,1,4,Needs Attention
CUST01478,12,4,77434.49,5,5,5,15,Champions
CUST01479,277,1,1514.63,2,2,1,5,At Risk
CUST01480,70,2,18668.89,4,3,2,9,Potential Loyalists
CUST01481,516,1,2524.76,1,2,1,4,Needs Attention
CUST01482,20,2,11109.62,5,3,1,9,Potential Loyalists
CUST01483,322,1,6409.37,1,2,1,4,Needs Attention
CUST01484,274,2,37229.16,2,3,3,8,Potential Loyalists
CUST01485,114,5,43565.340000000004,3,5,4,12,Loyal Customers
CUST01486,18,3,38239.6,5,4,3,12,Loyal Customers
CUST01487,54,4,45077.36,4,5,4,13,Champions
CUST01488,319,4,43166.48,1,5,4,10,Loyal Customers
CUST01489,174,1,6104.04,3,2,1,6,At Risk
CUST01492,536,1,2696.57,1,2,1,4,Needs Attention
CUST01493,193,2,80848.05,2,3,5,10,Loyal Customers
CUST01494,170,3,88172.73,3,4,5,12,Loyal Customers
CUST01495,54,2,17910.07,4,3,2,9,Potential Loyalists
CUST01496,68,4,173878.41999999998,4,5,5,14,Champions
CUST01497,349,3,84517.67,1,4,5,10,Loyal Customers
CUST01498,69,4,26379.16,4,5,3,12,Loyal Customers
CUST01499,504,1,42272.07,1,2,4,7,Potential Loyalists
CUST01500,54,2,97812.1,4,3,5,12,Loyal Customers
CUST01501,30,7,35062.56,5,5,3,13,Champions
CUST01504,98,3,45119.08,4,4,4,12,Loyal Customers
CUST01505,105,1,3985.52,3,2,1,6,At Risk
CUST01506,256,2,55608.740000000005,2,3,4,9,Potential Loyalists
CUST01507,203,4,36688.299999999996,2,5,3,10,Loyal Customers
CUST01508,156,2,15799.6,3,3,2,8,Potential Loyalists
CUST01509,200,3,68178.78,2,4,5,11,Loyal Customers
CUST01510,54,3,85286.28,4,4,5,13,Champions
CUST01511,182,2,13261.61,2,3,2,7,Potential Loyalists
CUST01512,137,1,7105.35,3,2,1,6,At Risk
CUST01513,60,2,78196.5,4,3,5,12,Loyal Customers
CUST01514,125,4,96790.6,3,5,5,13,Champions
CUST01515,337,2,63369.12,1,3,4,8,Potential Loyalists
CUST01516,409,2,21546.059999999998,1,3,2,6,At Risk
CUST01517,178,3,70039.86,2,4,5,11,Loyal Customers
CUST01518,127,3,13376.53,3,4,2,9,Potential Loyalists
CUST01519,534,1,58532.09,1,2,4,7,Potential Loyalists
CUST01520,299,3,9120.51,2,4,1,7,Potential Loyalists
CUST01521,53,3,95559.87,4,4,5,13,Champions
CUST01522,424,1,14755.38,1,2,2,5,At Risk
CUST01523,2,6,78761.94,5,5,5,15,Champions
CUST01524,54,2,27085.480000000003,4,3,3,10,Loyal Customers
CUST01525,331,1,16801.67,1,2,2,5,At Risk
CUST01526,86,3,97882.57999999999,4,4,5,13,Champions
CUST01527,70,3,41483.35,4,4,4,12,Loyal Customers
CUST01528,16,2,25625.18,5,3,3,11,Loyal Customers
CUST01529,40,6,78642.5,5,5,5,15,Champions
CUST01530,198,2,42382.22,2,3,4,9,Potential Loyalists
CUST01532,93,3,7126.65,4,4,1,9,Potential Loyalists
CUST01533,82,3,30615.58,4,4,3,11,Loyal Customers
CUST01534,58,3,29627.17,4,4,3,11,Loyal Customers
CUST01535,38,6,44261.4,5,5,4,14,Champions
CUST01536,155,4,36523.91,3,5,3,11,Loyal Customers
CUST01537,192,4,49716.44,2,5,4,11,Loyal Customers
CUST01538,192,2,9932.59,2,3,1,6,At Risk
CUST01539,331,2,19027.64,1,3,2,6,At Risk
CUST01540,282,2,4969.4,2,3,1,6,At Risk
CUST01541,49,2,39449.23,4,3,3,10,Loyal Customers
CUST01542,488,1,2307.54,1,2,1,4,Needs Attention
CUST01543,68,1,9201.73,4,2,1,7,Potential Loyalists
CUST01544,162,4,58278.03999999999,3,5,4,12,Loyal Customers
CUST01545,51,7,102475.7,4,5,5,14,Champions
CUST01546,24,2,63461.86,5,3,4,12,Loyal Customers
CUST01548,15,1,28021.55,5,2,3,10,Loyal Customers
CUST01549,85,1,14997.63,4,2,2,8,Potential Loyalists
CUST01550,316,1,16188.72,1,2,2,5,At Risk
CUST01551,13,4,65910.29000000001,5,5,4,14,Champions
CUST01552,58,2,11161.29,4,3,1,8,Potential Loyalists
CUST01553,2,3,65046.659999999996,5,4,4,13,Champions
CUST01554,123,5,114940.81999999999,3,5,5,13,Champions
CUST01555,414,1,1302.37,1,2,1,4,Needs Attention
CUST01556,66,3,28531.01,4,4,3,11,Loyal Customers
CUST01557,47,2,46248.68,5,3,4,12,Loyal Customers
CUST01558,439,2,33277.82,1,3,3,7,Potential Loyalists
CUST01560,162,3,27688.300000000003,3,4,3,10,Loyal Customers
CUST01561,147,3,38646.92999999999,3,4,3,10,Loyal Customers
CUST01562,9,5,32433.22,5,5,3,13,Champions
CUST01563,134,3,36313.0,3,4,3,10,Loyal Customers
CUST01564,23,3,30905.35,5,4,3,12,Loyal Customers
CUST01565,16,2,26253.91,5,3,3,11,Loyal Customers
CUST01566,223,4,96166.40000000001,2,5,5,12,Loyal Customers
CUST01567,214,2,15953.41,2,3,2,7,Potential Loyalists
CUST01568,196,6,116696.33,2,5,5,12,Loyal Customers
CUST01569,44,2,59731.740000000005,5,3,4,12,Loyal Customers
CUST01570,350,2,38810.369999999995,1,3,3,7,Potential Loyalists
CUST01571,84,5,87902.76,4,5,5,14,Champions
CUST01572,95,3,14797.62,4,4,2,10,Loyal Customers
CUST01573,169,1,6960.13,3,2,1,6,At Risk
CUST01574,45,1,36740.61,5,2,3,10,Loyal Customers
CUST01576,47,6,46879.53,5,5,4,14,Champions
CUST01577,69,3,20220.79,4,4,2,10,Loyal Customers
CUST01578,521,1,31153.48,1,2,3,6,At Risk
CUST01579,357,3,52860.78,1,4,4,9,Potential Loyalists
CUST01580,58,2,52605.8,4,3,4,11,Loyal Customers
CUST01581,33,4,48915.09,5,5,4,14,Champions
CUST01582,36,4,61499.18,5,5,4,14,Champions
CUST01583,423,3,29679.77,1,4,3,8,Potential Loyalists
CUST01584,172,1,6986.9,3,2,1,6,At Risk
CUST01585,153,4,120749.88,3,5,5,13,Champions
CUST01586,45,2,15119.92,5,3,2,10,Loyal Customers
CUST01587,201,1,3148.77,2,2,1,5,At Risk
CUST01588,73,4,53389.44,4,5,4,13,Champions
CUST01589,234,1,79618.15,2,2,5,9,Potential Loyalists
CUST01590,189,1,2284.76,2,2,1,5,At Risk
CUST01591,66,5,76438.98000000001,4,5,5,14,Champions
CUST01592,40,1,77660.04,5,2,5,12,Loyal Customers
CUST01593,279,3,6927.17,2,4,1,7,Potential Loyalists
CUST01594,250,1,9449.41,2,2,1,5,At Risk
CUST01595,226,2,10877.429999999998,2,3,1,6,At Risk
CUST01596,159,2,23348.09,3,3,2,8,Potential Loyalists
CUST01597,70,3,31077.73,4,4,3,11,Loyal Customers
CUST01598,238,1,2380.42,2,2,1,5,At Risk
CUST01599,316,4,22400.14,1,5,2,8,Potential Loyalists
